Date,Address,lat,lon,Killed,Injured
1/1/14,"Rockingham Street and Berkley Avenue Extended, Norfolk, Virginia",36.8307885,-76.2789351,2,2
1/3/14,"Farmers Boulevard and 133rd Avenue, Queens, New York",40.6775003,-73.7628984,1,3
1/12/14,"3600 block of Highway 80 W, Tallulah, Louisiana",32.4085176,-91.1867517,0,6
1/12/14,"University Drive, Huntsville, Alabama",34.7365623,-86.6503899,0,5
1/12/14,"300 block of North Street, Elgin, Illinois",42.0401123,-88.2802179,0,5
1/13/14,"800 block of Calvert St, Detroit, Michigan",42.3871989,-83.0922139,0,4
1/14/14,"West 86th Street, Los Angeles, California",33.9592417,-118.3987642,0,4
1/16/14,"37 N. 630 West, Spanish Fork, Utah",40.1103569,-111.6654008,5,0
1/16/14,"N/A, Ardmore, Oklahoma",34.1742611,-97.1436254,2,4
1/20/14,"8509 Rixlew Ln, Manassas, Virginia",38.7724579,-77.501871,0,4
1/21/14,"Springfield Avenue , Newark, New Jersey",40.7340152,-74.1914125,2,3
1/25/14,"600 block of Covenant Drive, Belle Glade, Florida",26.6868481,-80.6739228,0,4
1/27/14,"821 Word Plaza, Rocky Mount, North Carolina",35.9689931,-77.8183546,0,4
1/27/14,"2nd Avenue South and South Main Street, Seattle, Washington",47.6000368,-122.331575,1,4
2/3/14,"2100 block of Bridlewood Dr, Franklin, Indiana",39.4997647,-86.0449971,3,2
2/5/14,"6740 N Clark St, Chicago, Illinois",42.0048715,-87.6731925,1,3
2/6/14,"4600 block of Downman Road, New Orleans, Louisiana",30.016365,-90.0218189,0,4
2/7/14,"Northwest 41st Street and 9th Avenue , Miami, Florida",25.7806007,-80.2629892,0,5
2/12/14,"2220 block of Broadway, Gary, Indiana",41.5780964,-87.3371429,0,5
2/12/14,"37th and International , Oakland, California",37.7752416,-122.2208449,1,3
2/12/14,"Constitution Park, Stockton, California",37.9595498,-121.2774788,1,3
2/15/14,"Sahara and Maryland , Las Vegas, Nevada",36.1441689,-115.1369439,0,5
2/16/14," 115 NW 25th St., Fort Worth, Texas",32.7897334,-97.3499333,1,4
2/16/14,"4500 block of Riviera Shores , Orange County, Florida",28.5981122,-81.2742782,1,6
2/16/14,"1187 S. Edgewood Ave., Jacksonville, Florida",30.308527,-81.713431,1,4
2/16/14,"Lafayette Street and East Tillman Road, Fort Wayne, Indiana",41.0172956,-85.1191388,0,5
2/20/14,"300 W 1st St, Alturas, California",41.4839306,-120.5452439,4,2
2/20/14,"3400 block of South Parker, Indianapolis, Indiana",39.7170243,-86.1139206,4,0
2/22/14,"1200 block of W Papeete St, Wilmington, California",33.7868812,-118.2778726,0,4
2/25/14,"Graceland Lane, Glade Spring, Virginia",36.7843339,-81.7848237,5,1
3/1/14,"7800 Gratiot Av., Detroit, Michigan",42.3779841,-83.0147897,0,4
3/5/14,"Law Street, Pelzer, South Carolina",34.6393756,-82.4528394,3,2
3/8/14,"4900 West Race Ave, Chicago, Illinois",41.890715,-87.748309,0,6
3/8/14,"1600 block of First Street, Richmond, California",37.956275,-122.368475,1,3
3/9/14,"531 W State St, Fremont, Ohio",41.348378,-83.116532,3,1
3/16/14,"S 4th St, Beaumont, Texas",30.0588443,-94.1155643,3,1
3/16/14,"4960 Highway 80 West , Waynesboro, Georgia",33.209855,-81.8474274,0,4
3/21/14,"7550 Dorchester Road, North Charleston, South Carolina",32.9035257,-80.0785451,0,4
3/23/14,"2700 Majesty Drive, Arlington, Texas",32.7546259,-97.0607784,1,3
3/23/14,"601 Long Beach Boulevard, Long Beach, California",33.7744168,-118.1897475,1,3
3/23/14,"Turk and Taylor, San Francisco, California",37.7832142,-122.4107842,0,7
3/30/14,"N/A, Starkville, Mississippi",33.4503998,-88.8183872,0,5
3/30/14,"4300 Sunset Road, Charlotte, North Carolina",35.305418,-80.8569134,0,5
4/2/14,"Motor Pool Road and Tank Destroyer Boulevard, Fort Hood, Texas",31.1329784,-97.7944469,4,16
4/5/14,"4300 W Wilcox Street, Chicago, Illinois",41.879032,-87.733109,1,5
4/5/14,"West Palm Lane near 54th Avenue, Phoenix, Arizona",33.7249979,-112.1770079,1,3
4/5/14,"Orchid Street , Fairfield, California",38.278664,-122.036953,0,4
4/6/14,"90 Worthington St., Springfield, Massachusetts",42.1031315,-72.5936484,0,4
4/7/14,"500 block of South Alexander Street, New Orleans, Louisiana",29.9733942,-90.1072415,0,4
4/9/14,"Kellys Ferry Road and Kellys Ferry Place, Lookout Valley, Tennessee",35.0283093,-85.4072606,3,1
4/9/14,"300 North Sunset, Rockford, Illinois",42.2787689,-89.1183927,0,4
4/12/14,"2100 block of Pauger Street, New Orleans, Louisiana",29.9715019,-90.0607641,1,3
4/14/14,"1500 block of 19th Street, Washington, District of Columbia",38.8718625,-76.9773522,0,4
4/20/14,"1300 block of Jackson St, Montgomery, Illinois",41.7288519,-88.310435,0,6
4/20/14,"2902 N. 32nd St., Tampa, Florida",27.9704295,-82.4248819,2,2
4/20/14,"6600 South Michigan Ave, Chicago, Illinois",41.774825,-87.6230991,0,5
4/22/14,"6419 Brynhurst Avenue, Los Angeles, California",33.9810869,-118.3341641,1,3
4/25/14,"2000 Chelsea Avenue, Memphis, Tennessee",35.1734373,-89.9906671,2,3
4/27/14,"Fourth Street, Troy, New York",42.7207906,-73.6913153,0,5
4/29/14,"1675 Airport Road, Kennesaw, Georgia",34.0087516,-84.601103,1,6
4/30/14,"7200 South Phillips Avenue, Chicago, Illinois",41.7644081,-87.5657674,0,4
5/4/14,"500 West Erie Street, Chicago, Illinois",41.8938944,-87.6414409,1,3
5/4/14,"12100 W 44th, Wheat Ridge, Colorado",39.7774773,-105.1342236,0,4
5/10/14,"1100 To Lani Farm Road, Stone Mountain, Georgia",33.7621815,-84.2059074,1,3
5/10/14,"Natomas, Sacramento, California",38.6707575,-121.5078821,1,6
5/10/14,"Shamrock Drive , Decatur, Georgia",33.7309229,-84.2573276,2,3
5/11/14,"Peregrine Park, Sacramento, California",38.624052,-121.525285,1,6
5/11/14,"2517 Shasta, Memphis, Tennessee",35.1687455,-89.9733382,0,7
5/12/14,"3400 West 24th Street, Chicago, Illinois",41.8480692,-87.7100181,0,4
5/17/14,"84000 block of Pedro Drive, Coachella, California",33.6849318,-116.1887598,1,3
5/17/14,"2200 block of Adams Place NE, Washington, District of Columbia",38.9191751,-76.9748995,0,5
5/18/14,"1643 Cleveland Rd, Sandusky, Ohio",41.4429784,-82.6858564,0,7
5/21/14,"4500 block of Village Fair Drive, Dallas, Texas",32.694118,-96.826773,1,3
5/23/14,"840 Embarcadero Del Norte, Goleta (Isla Vista), California",34.4144407,-119.8553881,4,8
5/23/14,"6200 block of Eads Street, New Orleans, Louisiana",30.0227315,-90.0507377,1,7
5/23/14,"9541 Flower Street, Bellflower, California",33.8821979,-118.1303257,2,2
5/24/14,"Strathmoor Street, Detroit, Michigan",42.3983304,-83.1876231,0,4
5/24/14,"Ocean Boulevard near First Avenue North, Myrtle Beach, South Carolina",33.8173389,-78.6776649,3,1
5/25/14,"2100 block of Joffre Avenue, Toledo, Ohio",41.6616563,-83.5864427,1,3
5/31/14,"N/A, San Bernardino, California",34.1083449,-117.2897652,1,3
6/1/14,"West Ferdinand Street and North Lavergne Avenue , Chicago, Illinois",41.889518,-87.7504935,1,5
6/1/14,"6500 46th Street, Sacramento, California",38.5080909,-121.4523736,0,4
6/2/14,"2660 E. 79th St, Chicago, Illinois",41.7520884,-87.5591756,0,7
6/3/14,"Auburn Avenue, Atlanta, Georgia",33.7537814,-84.376547,1,4
6/4/14,"4900 West West End Avenue, Chicago, Illinois",41.8832704,-87.7481862,1,3
6/7/14,"Tish Lane, Moncks Corner, South Carolina",33.1711351,-80.13114,1,5
6/7/14,"10811 W. Ten Mile Rd., Oak Park, Michigan",42.4742091,-83.1719483,1,3
6/8/14,"611 Hardin Street, Opp, Alabama",31.2725286,-86.2531908,1,4
6/9/14,"Rosa Parks Boulevard and Godwin Avenue, Paterson, New Jersey",40.9206769,-74.1590819,0,6
6/13/14,"8600 block of South Figueroa Street, Los Angeles, California",33.9597297,-118.2824149,3,1
6/15/14,"5100 Clinton Drive, Kokomo, Indiana",40.4367955,-86.1250352,0,4
6/20/14,"6600 block of Greig Street, Seat Pleasant, Maryland",38.9001431,-76.9058536,0,4
6/21/14,"Florida Avenue and U Street NW, Washington, District of Columbia",38.9204944,-77.0296626,0,4
6/21/14,"2119 East Alcy Road, Memphis, Tennessee",35.0782535,-89.9918309,0,5
6/24/14,"Northwest 12th Avenue and 65th Street, Miami, Florida",25.8342871,-80.2167252,2,7
6/25/14,"Midland Street, Lowell, Massachusetts",42.6235115,-71.3268546,0,5
6/26/14,"Grand St, Detroit, Michigan",42.3936105,-83.1258155,2,2
6/26/14,"24th and Locust, Milwaukee, Wisconsin",43.0714769,-87.9423791,0,5
6/27/14,"1800 block of Cathy Street, San Diego, California",32.5872545,-117.0946296,1,3
6/27/14,"1600 block of Cathy Street, San Diego, California",32.5872545,-117.0946296,1,3
6/27/14,"Grand Street and Lasalle Street, Detroit, Michigan",42.3956919,-83.120211,2,2
6/28/14,"5500 Cedar Point Way, Antioch, California",37.9569986,-121.7574705,0,7
6/28/14,"Fifth Avenue and West 139th Street, Manhattan, New York",40.8153398,-73.935758,0,4
6/29/14,"1100 block of North Vermont Avenue, Los Angeles, California",34.0912211,-118.2917598,1,5
6/29/14,"700 Bourbon Street, New Orleans, Louisiana",29.9586073,-90.0654568,1,9
6/29/14,"2800 block of Dayton, Saint Louis, Missouri",38.641863,-90.216016,0,4
6/30/14,"Scottsdale Circle, Lexington, Kentucky",38.0763447,-84.4771899,1,3
7/2/14,"1400 block of West Congress Street, Chester, Pennsylvania",39.840613,-75.3863327,0,5
7/4/14,"1722 Thurgood Street, Norfolk, Virginia",36.8263581,-76.2633206,0,5
7/5/14,"N/A, Kalamazoo, Michigan",42.2917069,-85.5872286,0,4
7/5/14,"333 SE 122ND Ave, Portland, Oregon",45.5199523,-122.5380289,1,4
7/5/14,"Broad Ripple Avenue, Indianapolis, Indiana",39.8686303,-86.1313339,0,7
7/5/14,"4700 Piggott Avenue, Centreville, Illinois",38.5800536,-90.1232191,0,5
7/5/14,"1700 Almeda-Genoa, Houston, Texas",29.612063,-95.395748,0,6
7/5/14,"861 W. 36th Street, Norfolk, Virginia",36.8781999,-76.2974195,0,7
7/6/14,"NW 20th Ave and NW 62nd St, Miami, Florida",25.8315384,-80.229983,2,2
7/6/14,"4600 block of Natural Bridge Avenue, Saint Louis, Missouri",38.6716893,-90.2417656,0,4
7/6/14,"100 block of Erb Street, Buffalo, New York",42.9208713,-78.8001568,0,4
7/7/14,"KY 194E, Stopover, Kentucky",37.5157432,-82.0912696,0,4
7/7/14,"312  E Baseline Street , San Bernardino, California",34.1213349,-117.2781138,1,4
7/8/14,"35 March Street, Providence, Rhode Island",41.841647,-71.424938,0,5
7/9/14,"711 Leaflet Ln, Spring, Texas",30.040832,-95.4420109,6,1
7/11/14,"5200 West Quincy Street, Chicago, Illinois",41.8775564,-87.7553625,1,3
7/12/14,"1700 block of Summit Avenue, Pasadena, California",34.175087,-118.147271,3,2
7/13/14,"84 West Park Place, Stamford, Connecticut",41.0535199,-73.5412976,0,5
7/13/14,"1700 block of Lincoln Road NE, Washington, District of Columbia",38.9126705,-77.0087051,0,4
7/13/14,"12600 Renton Avenue South , Skyway, Washington",47.4917392,-122.2392921,0,5
7/14/14,"Fulton Avenue , Sacramento, California",38.6040984,-121.4014311,1,4
7/19/14,"1300 North Mason Avenue, Chicago, Illinois",41.9039536,-87.7745294,0,4
7/20/14,"5103 block of Bunkum Rd, East Saint Louis, Illinois",38.6233603,-90.0960772,1,3
7/20/14,"Rancho Drive 3400 block , Las Vegas, Nevada",36.2204356,-115.2150062,1,3
7/21/14,"300 block of Foote Park Lane, Memphis, Tennessee",35.1328562,-90.0452121,0,4
7/21/14,"36 Welland Avenue, Irvington, New Jersey",40.7171504,-74.2289384,0,6
7/23/14,"700 block of Hickory St, Braddock, Pennsylvania",40.4057612,-79.8612975,0,4
7/25/14,"700 South California Avenue, Chicago, Illinois",41.872696,-87.6962999,1,6
7/26/14,"N/A, Pine Bluff, Arkansas",34.2284312,-92.0031955,1,3
7/26/14,"Royal Street, Sylvester, Georgia",31.5309776,-83.8220617,0,8
7/26/14,"35 Water Street, Saco, Maine",43.4980219,-70.4488396,5,0
7/27/14,"2000 block of East John Avenue, Saint Louis, Missouri",38.6716819,-90.209797,0,5
7/30/14,"926 Bramblegate Road, Hope Mills, North Carolina",34.9686821,-78.9216791,3,2
8/1/14,"1500 block of South Etting Street, Philadelphia, Pennsylvania",39.9345098,-75.1899643,1,3
8/2/14,"5125 Wynell Street, Dallas, Texas",32.6857968,-96.7824883,3,1
8/2/14,"Acushnet Avenue, New Bedford, Massachusetts",41.6879434,-70.9272028,0,7
8/2/14,"Penn Avenue and 29th Street, Pittsburgh, Pennsylvania",40.4578461,-79.9741991,1,5
8/3/14,"3403 FM 1960, Humble, Texas",30.0001036,-95.2222824,0,7
8/3/14,"5200 block of Thekla , Saint Louis, Missouri",38.6904392,-90.2433765,0,5
8/3/14,"4400 block of Rixeyville Road, Culpeper, Virginia",38.5339082,-77.9798351,5,0
8/3/14,"East 9th Street and Bridge Street, Columbia, Tennessee",35.611702,-87.0298075,0,5
8/4/14,"1100 block of Joseph E. Boone Boulevard NW, Atlanta, Georgia",33.7635034,-84.4234785,0,5
8/6/14,"1700 block of Quincy Street , Bakersfield, California",35.3814817,-118.9744486,3,1
8/8/14,"3000 block of N. 28th Street , Milwaukee, Wisconsin",43.073509,-87.9485535,0,4
8/8/14,"3426 Vassar NE, Albuquerque, New Mexico",35.1194202,-106.6148003,1,3
8/8/14,"Second Street and Todd Place NE, Washington, District of Columbia",38.9162892,-77.0035198,0,4
8/9/14,"400 3rd Ave N, Minneapolis, Minnesota",44.9828681,-93.27529,1,8
8/10/14,"16300 block of Heather Glen Road , Moreno Valley, California",33.883616,-117.2217604,0,7
8/10/14,"N Street SW, Washington, District of Columbia",38.8746445,-77.0157117,0,6
8/10/14,"N/A, Wrightsville, Georgia",32.7293279,-82.719859,0,6
8/12/14,"Oakmont Avenue, Buffalo, New York",42.9323808,-78.8078502,1,3
8/13/14,"Treeland Drive, Clarksville, Tennessee",36.58957,-87.3100759,0,4
8/13/14,"New Orleans and North Rocheblave streets, New Orleans, Louisiana",29.9812248,-90.0660797,0,4
8/14/14,"797 Pope Street, Memphis, Tennessee",35.154015,-89.956144,1,3
8/16/14,"West 3rd Street and Monroe Avenue, Plainfield, New Jersey",40.6041741,-74.4381949,1,3
8/16/14,"122 Pierpont Avenue, Salt Lake City, Utah",40.7641671,-111.8950507,0,6
8/17/14,"Purdue Street and Georgetown Avenue, East Palo Alto, California",37.4789729,-122.1377406,1,3
8/17/14,"Owens Avenue and H Street, Las Vegas, Nevada",36.1884083,-115.1518779,0,4
8/17/14,"153-38 118th Ave, Queens, New York",40.6808923,-73.7884812,0,4
8/17/14,"Edinboro Street, Boston, Massachusetts",42.3521491,-71.0597534,0,4
8/20/14,"1400 block of Briarcrest Lane, Memphis, Tennessee",35.2244137,-90.0149543,0,5
8/24/14,"1400 block of Celis Street , San Fernando, California",34.2860305,-118.4461364,3,4
8/24/14,"8300 block of South Halsted Street, Chicago, Illinois",41.7432227,-87.6438007,1,3
8/24/14,"1013 Carrie Street, Augusta, Georgia",33.4665651,-81.9742651,1,3
8/27/14,"16600 block of Edmore, Detroit, Michigan",42.447252,-82.948481,1,3
8/29/14,"820 Peach St, Brooksville, Florida",28.5459223,-82.390906,3,1
9/2/14,"25000 block of Fifth Street , Highland, California",34.108463,-117.2320131,0,5
9/2/14,"3622 Medgar Evers Boulevard, Jackson, Mississippi",32.3405229,-90.2140529,2,3
9/3/14,"East 27th and Stanford , Los Angeles, California",34.0198906,-118.260077,0,6
9/4/14,"2400 block of Martin Luther King Boulevard, Flint, Michigan",43.0384242,-83.704113,0,5
9/6/14,"2015 Orange Blossom Trail, Orlando, Florida",28.5205045,-81.3965276,0,4
9/11/14,"14000 block of Patton, Detroit, Michigan",42.387662,-83.24284,1,7
9/14/14,"229 Naval Air Station Drive, Flour Bluff, Texas",27.6783188,-97.2762385,3,1
9/19/14,"32-14 106th St, Queens, New York",40.75929,-73.863359,0,4
9/20/14,"N/A, Panola County, Mississippi",34.4198016,-89.9253233,2,2
9/21/14,"440 First St, East Liverpool, Ohio",40.6309014,-80.5533738,0,4
9/26/14,"600 block of Turner Road, Darlington County, South Carolina",34.2592117,-79.7670811,1,4
9/27/14,"2000 block East John Avenue, Saint Louis, Missouri",38.6716819,-90.209797,0,5
9/28/14,"2800 block of Hope Street, Philadelphia, Pennsylvania",39.9926538,-75.1312117,0,4
9/29/14,"29 Sandy Dam Lane, Walterboro, South Carolina",32.885248,-80.620366,1,7
9/29/14,"2300 block of West Fountain Way , Fresno, California",36.7813624,-119.8381184,0,4
10/4/14,"1400 block of Gherald Street, Memphis, Tennessee",35.169824,-89.920798,2,2
10/4/14,"1925 West Holt Avenue , Pomona, California",34.0617641,-117.7840973,0,4
10/5/14,"East 7 Mile Road and Sherwood Street, Detroit, Michigan",42.433768,-83.0340459,1,5
10/5/14,"7300 block of Linda Drive, Jacksonville, Florida",30.387035,-81.6723193,3,1
10/8/14,"Auburn Avenue and Edgewood Avenue, Atlanta, Georgia",33.7540928,-84.3798768,0,4
10/8/14,"1846 Western Ave, Guilderland, New York",42.6914544,-73.8711428,4,0
10/11/14,"222 Bleecker Street, Utica, New York",43.1012914,-75.2284346,0,5
10/12/14,"1100 block of East March Lane, Stockton, California",38.0018399,-121.2920357,3,1
10/12/14,"Arthur Langford Jr Place, Atlanta, Georgia",33.7120678,-84.3977631,1,3
10/13/14,"85 Mount Zion Road, Atlanta, Georgia",33.6732435,-84.3905948,0,4
10/14/14,"6505 Bannor Lane, Peachtree Corners, Georgia",33.9504687,-84.2511543,3,2
10/16/14,"Mogul Street, Detroit, Michigan",42.4167375,-82.9621522,1,3
10/18/14,"33-02 Queens Blvd, Queens, New York",40.7443436,-73.931566,0,4
10/18/14,"192 Breezy Hill Road, Graniteville, South Carolina",33.5661983,-81.8430398,1,3
10/18/14,"Lenox Road, Brooklyn, New York",40.6548805,-73.9379985,0,4
10/24/14,"5611 108th St Ne, Marysville, Washington",48.0921144,-122.1545805,5,1
10/24/14,"2030 Arden Way, Sacramento, California",38.5957213,-121.4181899,2,3
10/26/14,"1410 Old Dover Road, Cadiz, Kentucky",36.8291448,-87.8496534,4,0
10/29/14,"Yale Road and Ramill Road, Memphis, Tennessee",35.220534,-89.9271708,0,5
11/5/14,"1100 block of Alabama Street , San Francisco, California",37.7542822,-122.411139,0,4
11/7/14,"136th Street , Compton, California",33.9081057,-118.2466961,0,4
11/7/14,"East 126th Street and North Compton Avenue, Los Angeles, California",33.9184737,-118.2462168,0,4
11/15/14,"2555 N. Glenstone, Springfield, Missouri",37.2436992,-93.2617917,4,0
11/15/14,"NW 55th and 12th, Miami, Florida",25.8254516,-80.2172875,1,3
11/16/14,"1891 East Market Street, Akron, Ohio",41.0619709,-81.4601247,1,4
11/16/14,"115 S. Durango, El Paso, Texas",31.75711,-106.4934614,0,6
11/18/14,"Englestad Street, North Las Vegas, Nevada",36.210424,-115.1473473,0,4
11/19/14,"700 block of North St. Louis Avenue, Chicago, Illinois",41.8936456,-87.7138038,1,3
11/21/14,"600 block of Miller Avenue, Pittsburgh, Pennsylvania",40.2926,-79.8834047,0,6
11/22/14,"1400 block of East 92nd Street, Cleveland, Ohio",41.518062,-81.623366,4,1
11/22/14,"Fourth Avenue, Sisseton, South Dakota",45.6637619,-97.0457522,4,1
11/22/14,"Clifton Avenue and Rice Street, Springfield, Ohio",39.9095886,-83.8077328,1,3
11/23/14,"Federal Boulevard and 16th Avenue, Denver, Colorado",39.7427422,-105.0252326,1,4
11/26/14,"Mission and 13th streets, San Francisco, California",37.7699578,-122.4201876,0,6
11/27/14,"Pvt Rd 934, Georgetown, Texas",30.6777088,-97.592544,2,3
11/28/14,"1849 East Brooks Road , Memphis, Tennessee",35.0604394,-90.0021468,0,4
11/29/14,"348 S Orange Ave, Newark, New Jersey",40.739819,-74.20003,1,3
11/30/14,"2412 East 13th Street , Chattanooga, Tennessee",35.0246629,-85.2711338,0,5
12/2/14,"6000 block of Virginia Avenue, Saint Louis, Missouri",38.5616394,-90.2492351,1,5
12/2/14,"6128 Jefferson Ave , Newport News, Virginia",37.0232123,-76.4460821,0,5
12/7/14,"16000 block of Roosevelt Road, South Bend, Indiana",41.59062,-86.181481,0,4
12/13/14,"810 E. Skagway Ave., Tampa, Florida",28.0324293,-82.4523937,0,5
12/14/14,"1311 Northwest 2nd Avenue, Miami, Florida",25.7871201,-80.1984668,1,4
12/16/14,"Anna Street, Elizabeth, New Jersey",40.6688088,-74.2043131,0,4
12/20/14,"3200 block of Montrose Avenue, Rockford, Illinois",42.2938571,-89.1071791,4,0
12/21/14,"South Washington Boulevard, Sarasota, Florida",27.3322582,-82.5309807,2,2
12/21/14,"Central Avenue, Waynesboro, Mississippi",31.6784364,-88.6580584,1,4
12/21/14,"600 block of Escanba, Calumet City, Illinois",41.618084,-87.553206,1,8
12/22/14,"191 Lake Road, Webster, New York",43.236828,-77.5255331,3,2
12/22/14,"Charlevoix and Philip, Detroit, Michigan",42.38358,-82.9486464,1,3
12/22/14,"5700 block of South Green Street, Chicago, Illinois",41.790482,-87.646624,0,5
12/23/14,"260 Oxford Drive, Winchester, Kentucky",38.0030814,-84.2089874,1,3
12/24/14,"18th and Pine, Saint Louis, Missouri",38.630663,-90.2059421,1,3
12/26/14,"2500 block of Summit Avenue, East St. Louis, Illinois",38.6196182,-90.1254163,1,3
12/27/14,"8800 block of South Figueroa Street, Los Angeles, California",33.9573722,-118.2827122,1,3
12/29/14,"Poydras and Bolivar, New Orleans, Louisiana",29.9542981,-90.0839102,0,4
12/31/14,"81st Street and Western Avenue, Los Angeles, California",33.9654863,-118.3090224,1,3
1/4/15,"3634 Shenandoah Ave NW, Roanoke, Virginia",37.2809703,-79.9984944,2,4
1/4/15,"2000 block of Ben Hur St., Dallas, Texas",32.6798829,-96.6110675,3,1
1/6/15,"1300 block of NW 62nd Street, Miami, Florida",25.831511,-80.218799,1,3
1/7/15,"773 West Main Street, Chattanooga, Tennessee",35.0403524,-85.318622,1,3
1/8/15,"104 Harrishof Street, Boston, Massachusetts",42.3166748,-71.0887313,1,3
1/9/15,"Laguna and Page streets, San Francisco, California",37.7736814,-122.42573,4,0
1/10/15,"4859 E Harry Street, Wichita, Kansas",37.664333,-97.27862,2,2
1/11/15,"1900 block of Gumberry Road, Hope Mills, North Carolina",34.9360428,-78.8653552,2,5
1/11/15,"7665 Chase Road, Lakeland, Florida",28.1393116,-81.9814443,1,3
1/11/15,"3840 Monterey Hwy, San Jose, California",37.2827119,-121.8390028,0,5
1/13/15,"4100 block of Portsmouth Boulevard, Portsmouth, Virginia",36.817872,-76.345502,0,5
1/13/15,"700 block of Oakley Avenue, Rockford, Illinois",42.2834847,-89.1148415,2,2
1/19/15,"1000 block of Gibbs St., San Antonio, Texas",29.4214918,-98.4608172,2,5
1/20/15,"321 Lansinger Lane, Clarksville, Tennessee",36.6135673,-87.4190475,1,3
1/23/15,"954 Parker Street, Boston, Massachusetts",42.3243929,-71.1010087,0,6
1/26/15,"1500 block of E. 9th Street, Stockton, California",37.9307095,-121.2654104,1,3
1/28/15,"1600 block of Panola Road, Dekalb County, Georgia",33.7445884,-84.1657257,1,3
1/31/15,"100 block of Woodstream Trail, Lagrange, Georgia",32.9781657,-85.1441957,4,0
2/1/15,"1217 West Fayette Street, Syracuse, New York",43.0469762,-76.1765567,0,6
2/1/15,"3345 Broadway, New York (Manhattan), New York",40.8204613,-73.9551772,1,4
2/6/15,"1219 N. Sheridan Road, Tulsa, Oklahoma",36.1719943,-95.9041024,1,4
2/7/15,"3640 Willow Tree Circle, Douglasville, Georgia",33.7140424,-84.6689264,5,2
2/8/15,"251 Dupree Rd, Friendship, Tennessee",35.8471024,-89.2348485,0,6
2/9/15,"9552 Adler Street, New Port Richey, Florida",28.296372,-82.617077,3,1
2/15/15,"200 block of W. 14th Street, Long Beach, California",33.7837108,-118.1937466,0,5
2/20/15,"1417 R Street, Sacramento, California",38.5700293,-121.4907329,0,4
2/22/15,"1706 Godman St., Killeen, Texas",31.1204726,-97.6828684,4,1
2/22/15,"281 Lower Pond Court, Clarkesville, Georgia",34.630979,-83.597945,3,2
2/22/15,"4224 Dorchester Road, Charleston, South Carolina",32.854165,-80.005438,0,4
2/23/15,"Sheridan Road, Daytona Beach, Florida",29.2084684,-81.0456287,0,4
2/25/15,"5022 Mallow St, Houston, Texas",29.6594822,-95.3476784,3,1
2/26/15,"18279 Highway H, Tyrone, Missouri",37.2004904,-91.8723152,8,1
2/28/15,"4300 block of Welbourne Road, Baltimore, Maryland",39.3434499,-76.58795,1,3
3/1/15,"4900 block of Steyr Street, Orange County, Florida",28.4520588,-81.4441252,0,4
3/1/15,"9855 Chalmers St, Detroit, Michigan",42.4119489,-82.9693369,1,5
3/4/15,"190 block of West Club Center Drive, San Bernardino, California",34.0604685,-117.2864741,2,5
3/7/15,"3140 Olive St, Saint Louis, Missouri",38.6353125,-90.2254638,0,4
3/8/15,"Wells Highway, Seneca, South Carolina",34.664203,-82.9269031,1,3
3/9/15,"200 block of West 105th, Chicago, Illinois",41.7024947,-87.6324871,1,3
3/10/15,"3023 Victory Drive, Columbus, Georgia",32.4376455,-84.9596543,0,5
3/13/15,"1097 South First St., Brookhaven, Mississippi",31.5592075,-90.4454255,2,3
3/14/15,"2900 block of Delmar Lane, Atlanta, Georgia",33.7549751,-84.4819599,0,5
3/14/15,"84000 block of Bagdad Avenue, Coachella, California",33.6745415,-116.1880023,0,4
3/15/15,"2700 block of West Alondra Boulevard, Compton, California",33.8862891,-118.2570808,0,4
3/17/15,"748 N Madison St, Stockton, California",37.959899,-121.2955369,3,4
3/18/15,"200 block of Clinton Place, Newark, New Jersey",40.715935,-74.2128912,1,3
3/18/15,"1504 West Main Street, Mesa, Arizona",33.4152344,-111.8634597,1,5
3/20/15,"1500 block of Reynolds Street, Lancaster, Texas",32.6115841,-96.789246,1,5
3/21/15,"1802 Seventh Ave, Tampa, Florida",27.960427,-82.4390452,0,4
3/22/15,"10140 Lomas NE, Albuquerque, New Mexico",35.0873232,-106.5348907,1,6
3/23/15,"900 block of Carpenter Street, Clarksville, Tennessee",36.5367213,-87.3487862,1,4
3/24/15,"3100 block of North Harding Street, Indianapolis, Indiana",39.8110142,-86.187091,4,0
3/26/15,"3100 block of Redwood, Amarillo, Texas",35.2446997,-101.8240903,0,4
3/27/15,"5312 Thomas Drive, Panama City Beach, Florida",30.143422,-85.755009,0,7
4/2/15,"1900 block of West Lanvale Street, Baltimore, Maryland",39.297752,-76.647594,0,5
4/5/15,"Dinwiddie Street, Pittsburgh, Pennsylvania",40.441178,-79.9805726,1,3
4/5/15,"40th and Grand Street, Louisville, Kentucky",38.2429048,-85.8185154,1,4
4/5/15,"1000 block of Blossom Lane, Benton Harbor, Michigan",42.1155996,-86.4336139,0,4
4/7/15,"20 Copeland Street, Rome, Georgia",34.26405,-85.1594693,1,3
4/16/15,"4300 block of East Anderson Drive, Phoenix, Arizona",33.6416532,-111.9894481,5,0
4/18/15,"1800 block of Gibbs Court, Montgomery, Alabama",32.3573348,-86.3358284,0,5
4/18/15,"321 Pine St, Williamsport, Pennsylvania",41.2406623,-77.0032889,0,5
4/18/15,"Martin Luther King Drive, Lumberton, North Carolina",34.5992729,-79.0341864,1,3
4/18/15,"Bost Street, Charlotte, North Carolina",35.2256181,-80.900344,0,4
4/18/15,"Rosa Parks Blvd and Godwin Ave, Paterson, New Jersey",40.9206769,-74.1590819,1,3
4/19/15,"200 block of West Hill Street, Richmond, Virginia",37.5543823,-77.4363426,0,4
4/21/15,"420 Gilmer St., Killeen, Texas",31.1240675,-97.7367158,2,3
4/25/15,"Wood Street, Trenton, New Jersey",40.2217733,-74.7609727,0,4
4/27/15,"State Route 85, Gila Bend, Arizona",32.9473514,-112.7167161,2,2
5/3/15,"1600 block of South William Street, South Bend, Indiana",41.6577919,-86.2560369,0,4
5/3/15,"San Jacinto at Elgin, Houston, Texas",29.7405966,-95.3753177,0,6
5/3/15,"2801 Germantown Street, Dayton, Ohio",39.738817,-84.2402334,1,6
5/3/15,"Friendship Trail, Menasha, Wisconsin",44.2028551,-88.4656061,4,1
5/4/15,"100 block of Roosevelt Avenue, Buffalo, New York",42.93403,-78.809803,1,3
5/7/15,"2300 block of Baltimore Avenue, Cincinnati, Ohio",39.149724,-84.561468,0,4
5/7/15,"16000 block of Cathedral Street, Detroit, Michigan",42.3615387,-83.2031838,0,4
5/10/15,"3600 block of Bosworth Rd, Cleveland, Ohio",41.4544132,-81.7648763,1,4
5/10/15,"Bostwick Avenue, Jersey City, New Jersey",40.7078992,-74.081429,0,4
5/10/15,"19th Avenue and South 16th Street, Newark, New Jersey",40.7313611,-74.2099271,1,3
5/12/15,"Pard Road, Capitol Heights, Maryland",38.8706451,-76.9261922,1,4
5/16/15,"1700 block of North Broadway, Baltimore, Maryland",39.3097106,-76.5953102,0,5
5/17/15,"4671 S Jack Kultgen Fwy, Waco, Texas",31.4992001,-97.148148,9,18
5/18/15,"8000 block of School Way, Kinloch, Missouri",38.7449286,-90.319119,0,4
5/18/15,"Northwest 75th Street and Northwest 16th Avenue, Miami, Florida",25.8428541,-80.2242982,1,4
5/20/15,"800 block of Linwood Avenue, Baltimore, Maryland",39.283227,-76.5756093,1,3
5/23/15,"2400 block of South 9th Street, Fresno, California",36.7141647,-119.7585401,2,2
5/24/15,"1002 Main St, Brockton, Massachusetts",42.0655826,-71.0159935,0,5
5/24/15,"W. 12th Street and Hammerberg Road., Flint, Michigan",42.9943692,-83.7045381,0,7
5/24/15,"Smiley Court, Montgomery, Alabama",32.3357363,-86.3489235,1,3
5/24/15,"2700 block of Dayton, Saint Louis, Missouri",38.6421128,-90.2151976,0,4
5/26/15,"6700 block of Tara Lane, New Orleans, Louisiana",30.028931,-89.9845859,2,2
5/28/15,"84th and Q, Omaha, Nebraska",41.2053054,-96.0430723,0,4
5/28/15,"6200 block of South Honore Street, Chicago, Illinois",41.7811844,-87.6703152,0,5
5/28/15,"2700 block of West 3rd Street, Chester, Pennsylvania",39.832514,-75.390168,1,3
5/30/15,"4200 block of Market Street, San Diego, California",32.7114963,-117.1046852,0,4
5/31/15,"16209 block of Laverne Avenue, Cleveland, Ohio",41.4367119,-81.8116978,3,1
5/31/15,"9222 Ardwick Ardmore Road, Springdale, Maryland",38.937582,-76.846653,1,3
5/31/15,"849 Chapel Street, New Haven, Connecticut",41.3059572,-72.9250911,0,5
6/3/15,"Davidson Street, Wyandanch, New York",40.7403106,-73.3621405,3,1
6/5/15,"900 block of West 3rd St, Davenport, Iowa",41.5223834,-90.5859248,0,5
6/5/15,"2100 block of Governor Nicholls Street, New Orleans, Louisiana",29.9704395,-90.0734257,1,3
6/6/15,"100 block of Warren Avenue, Buffalo, New York",42.893619,-78.832927,1,4
6/6/15,"100 block of North Lorel Avenue, Chicago, Illinois",41.882337,-87.7587975,0,5
6/7/15,"Boulder Creek Road, Deer Lodge, Montana",46.469515,-113.23526,5,0
6/9/15,"North Market Street and North Spring Avenue, Saint Louis, Missouri",38.6520436,-90.2256286,1,3
6/10/15,"South Vermont Avenue and West 88th Street, Los Angeles, California",33.9579315,-118.2916382,1,3
6/11/15,"468 Trumbull Avenue, Bridgeport, Connecticut",41.2211684,-73.1963711,1,8
6/11/15,"3400 block of Burkett, Houston, Texas",29.7282104,-95.3578326,1,3
6/12/15,"24th Avenue and 36th Street, Allapattah, Florida",25.8092123,-80.2361427,0,4
6/13/15,"600 block of Highway 279, Fayetteville, Georgia",33.5330416,-84.4550662,1,4
6/13/15,"451 North Flynn Street, Milledgeville, Georgia",33.08375,-83.244913,1,3
6/13/15,"2409 Creston Avenue, Bronx, New York",40.8607256,-73.8995102,0,5
6/13/15,"500 block of Se 69th St, Oklahoma City, Oklahoma",35.395125,-97.50335,0,4
6/14/15,"2800 block of Mitchell Street, Camden, New Jersey",39.9498745,-75.0874308,1,3
6/14/15,"1800 block of North Kingston, Tulsa, Oklahoma",36.1808714,-95.909606,0,4
6/14/15,"1400 block of North Market Street, Saint Louis, Missouri",38.6479724,-90.1961658,0,4
6/15/15,"673 Flatbush Avenue, Brooklyn, New York",40.6568345,-73.9599419,0,4
6/16/15,"600 block of Northwest 177th Street, Miami Gardens, Florida",25.9362814,-80.2108574,0,4
6/17/15,"110 Calhoun Street, Charleston, South Carolina",32.7874986,-79.9331176,9,0
6/19/15,"80 River Street, Woonsocket, Rhode Island",42.0003849,-71.5177038,0,4
6/20/15,"Dexter and Webb, Detroit, Michigan",42.3796507,-83.124059,1,11
6/20/15,"N/A, Morven, North Carolina",34.8640437,-80.0011724,0,4
6/20/15,"4100 block of Ogden Street, Philadelphia, Pennsylvania",39.9690803,-75.2058475,0,11
6/21/15,"Rebecca and East Swissvale Avenue, Pittsburgh (Wilkinsburg), Pennsylvania",40.4381915,-79.8795557,0,4
6/21/15,"726 Georgetown St, Lexington, Kentucky",38.068558,-84.502293,1,4
6/22/15,"700 block of East Hilton Street, Philadelphia, Pennsylvania",39.99748,-75.1171599,0,7
6/24/15,"2110 Madison Ave, New York (Manhattan), New York",40.8122532,-73.9361898,0,4
6/27/15,"Weir Street, Taunton, Massachusetts",41.8945663,-71.0909451,1,3
6/27/15,"Stringham Court, Detroit, Michigan",42.3914762,-82.9726802,0,4
6/28/15,"Gratiot and Loretto, Detroit, Michigan",42.41602,-82.9902114,0,5
6/28/15,"N/A, Venice, Illinois",38.6722727,-90.169832,0,6
6/28/15,"100 block of East St, Harrington, Delaware",38.9209967,-75.5748436,0,6
6/29/15,"13450 NW 30th Ave, Opa Locka, Florida",25.8962731,-80.2482745,0,4
7/2/15,"Lynn and Michigan, Indianapolis, Indiana",39.7746909,-86.1948215,1,3
7/4/15,"2600 Douglas Place SE, Washington, District of Columbia",38.8563328,-76.9886426,1,3
7/4/15,"2500 block of West Broadway, Louisville, Kentucky",38.2490319,-85.793653,0,4
7/4/15,"Dewey Avenue, Pittsfield, Massachusetts",42.454233,-73.260351,1,4
7/4/15,"Bellevue and Rich Street, Syracuse, New York",43.0333763,-76.1612452,0,4
7/4/15,"1100 block of West Avenue, San Antonio, Texas",29.4720014,-98.5260119,0,4
7/5/15,"3500 block of Hearne Avenue, Shreveport, Louisiana",32.4801104,-93.7804034,0,8
7/5/15,"1400 block of McCulloch Street, Fort Wayne, Indiana",41.0731137,-85.1179931,0,9
7/5/15,"200 block of S. Clinton St, East Orange, New Jersey",40.7585582,-74.2204756,1,3
7/7/15,"900 block of West Fayette Street, Baltimore, Maryland",39.290137,-76.632362,3,1
7/12/15,"Sip and Van Wagenen avenues, Jersey City, New Jersey",40.7319888,-74.0706819,0,4
7/13/15,"11959 162nd Street, Norwalk, California",33.8844449,-118.0777371,0,4
7/13/15,"400 block of McCloud Avenue, Stockton, California",37.9709024,-121.2913681,1,4
7/14/15,"1100 block of Riverview, Saint Louis, Missouri",38.7227374,-90.2360569,0,4
7/15/15,"500 block of Center Hill Avenue, Atlanta, Georgia",33.7689178,-84.463758,0,5
7/15/15,"3500 block of West Garrison Boulevard, Baltimore, Maryland",39.345746,-76.676779,1,3
7/15/15,"700 block of Thornhill, Cleveland, Ohio",41.5376373,-81.6018428,0,7
7/15/15,"9200 block of Memorial, Detroit, Michigan",42.3624386,-83.2117259,0,4
7/15/15,"7050 Old State Road, Holly Hill, South Carolina",33.346705,-80.450021,4,1
7/16/15,"4051 Amnicola Highway, Chattanooga, Tennessee",35.0950899,-85.2534476,6,2
7/16/15,"Singleton and Hampton, Dallas, Texas",32.7786664,-96.8564664,0,5
7/17/15,"4400 block of W. Maypole, Chicago, Illinois",41.8845549,-87.7358389,0,5
7/17/15,"3100 block of Sunshine Avenue, Cincinnati (Westwood), Ohio",39.1436051,-84.5788865,0,4
7/18/15,"200 block of South Bancroft Street, San Diego, California",32.7043325,-117.1239213,0,4
7/18/15,"Ojai-Santa Paula Street, Santa Paula, California",34.4008569,-119.0804986,0,5
7/18/15,"1550 Weston Ct NE, Salem, Oregon",44.9488444,-122.991172,1,4
7/18/15,"300 block of Brice Street, Baton Rouge, Louisiana",30.4456985,-91.1709962,2,2
7/19/15,"100 block of North Capitol Street, Suffolk, Virginia",36.7257222,-76.5677611,0,4
7/19/15,"2928 W Kentucky St, Louisville, Kentucky",38.2436354,-85.8024211,0,6
7/19/15,"Interstate 64 and Raliegh Street, Rocky Mount, North Carolina",35.9457418,-77.7612345,0,4
7/20/15,"E. 153rd St. and the Grand Concourse, Bronx, New York",40.8211462,-73.9256347,0,6
7/21/15,"Northwest 25th Avenue and Miami Gardens Drive, Miami Gardens, Florida",25.9410738,-80.2433943,1,3
7/22/15,"5500 block of Old Atlanta Road, Suwanee, Georgia",34.0802264,-84.1271935,5,0
7/23/15,"3141 Johnson Street, Lafayette, Louisiana",30.2019856,-92.0457369,3,9
7/27/15,"900 block of Kent Street, Rockford, Illinois",42.2637442,-89.1089549,0,5
7/30/15,"Brushton Avenue, Pittsburgh, Pennsylvania",40.4583162,-79.8885673,0,4
8/2/15,"Stanley Avenue and Crescent Street, Brooklyn, New York",40.6654714,-73.8675196,0,9
8/2/15,"2700 block of Garrison Avenue, Baltimore, Maryland",39.3498586,-76.663106,0,7
8/2/15,"4800 block of West Kamerling Avenue, Chicago, Illinois",41.9050743,-87.7460866,1,4
8/2/15,"Barnard Street, Savannah, Georgia",32.0630579,-81.1003681,0,5
8/2/15,"6700 block of South Winchester Avenue, Chicago, Illinois",41.7720758,-87.6725184,0,4
8/3/15,"98 Dwight Street, Brooklyn, New York",40.6758699,-74.0100312,0,5
8/4/15,"2500 block of Semple, Saint Louis, Missouri",38.6719599,-90.2690874,1,4
8/6/15,"1505 Garden Plaza, Columbia, South Carolina",34.012126,-81.0133479,0,4
8/8/15,"4908 Greenwood Drive, Gastonia, North Carolina",35.1924169,-81.2398206,2,3
8/8/15,"833 Anderson Street, Blytheville, Arkansas",35.9193572,-89.8966844,1,11
8/8/15,"2211 Falling Oaks, Houston, Texas",29.9198058,-95.4518511,8,0
8/9/15,"Poplar Street, Forest, Mississippi",32.3640451,-89.4381909,1,3
8/9/15,"15200 block of Hazelridge, Detroit, Michigan",42.4245629,-82.9650327,1,3
8/9/15,"40th Street and Pennsylvania Avenue, Kansas City, Missouri",39.055055,-94.5931285,0,4
8/10/15,"1700 block of East 10th Street, Long Beach, California",33.7789722,-118.170906,0,4
8/15/15,"West Prospect Avenue, Pittsburgh, Pennsylvania",40.4475329,-80.0743212,1,3
8/15/15,"57th Street and South Normandie Avenue, Los Angeles, California",33.9909671,-118.3002142,0,4
8/15/15,"2868 Bamberg Road, Orangeburg, South Carolina",33.479049,-80.909048,1,3
8/16/15,"3651 Sycamore School Rd, Fort Worth, Texas",32.633589,-97.372308,0,6
8/16/15,"5400 block of West Division Street, Chicago, Illinois",41.902459,-87.761159,0,4
8/16/15,"Highway 38N, Bennettsville, South Carolina",34.6084346,-79.679436,0,5
8/19/15,"500 Genesee St, Rochester, New York",43.1403267,-77.6349897,3,4
8/20/15,"FM 2360, Grulla (La Grulla), Texas",26.2750092,-98.6458902,2,2
8/21/15,"2700 block of Hinson Drive, Durham, North Carolina",36.029841,-78.8779867,0,8
8/21/15,"Mathis and Prentice, Cincinnati, Ohio",39.159499,-84.390824,2,5
8/22/15,"State Road 408, Orlando (Pine Hills), Florida",28.5490933,-81.4576687,0,4
8/22/15,"302 East Reed Street, Roswell, New Mexico",33.3816365,-104.5182121,3,1
8/23/15,"1100 block of Kansas Avenue, Modesto, California",37.6459865,-121.0234226,1,7
8/25/15,"Fern Street and Olive Street, New Orleans, Louisiana",29.9617748,-90.1111943,1,3
8/26/15,"3025 W. Van Buren Ave, Chicago, Illinois",41.875697,-87.702034,2,2
8/26/15,"5000 block of Drew Avenue North, Minneapolis (Brooklyn Center), Minnesota",45.0486514,-93.3271275,0,4
8/26/15,"800 block of 19th Street, West Palm Beach, Florida",26.7318343,-80.0594532,2,2
8/27/15,"928 Blanco Circle, Salinas, California",36.6544886,-121.6375717,2,2
8/28/15,"589 Flatbush Avenue, Brooklyn, New York",40.659134,-73.9603062,1,3
9/5/15,"6800 block of Fieldvale Place, Charlotte, North Carolina",35.1607214,-80.9103642,1,3
9/5/15,"300 block of Pearl Street, Daytona Beach, Florida",29.2131116,-81.0294801,0,4
9/5/15,"5000 block of Hollywood Boulevard, Las Vegas, Nevada",36.086897,-115.0289456,1,3
9/5/15,"1509 Ashley Street, Columbia, Missouri",38.9676973,-92.3165527,0,4
9/7/15,"9300 block of Sunrise, Gary, Indiana",41.597053,-87.225583,2,4
9/7/15,"1909 Blake Street, Denver, Colorado",39.7537712,-104.9955042,0,4
9/8/15,"N/A, Berlin, Georgia",31.0682441,-83.623778,0,4
9/8/15,"56th and Green, Chicago, Illinois",41.7924749,-87.6463316,0,4
9/11/15,"1000 North Carolina Music Factory Blvd., Charlotte, North Carolina",35.2393768,-80.8456537,0,5
9/12/15,"1500 block of Clanton Street, Shreveport, Louisiana",32.4580324,-93.7608966,0,4
9/12/15,"1st Ave. and N. 5th St., Minneapolis, Minnesota",44.9803774,-93.2737554,0,6
9/12/15,"1200 block of 22nd Ave. N., Minneapolis, Minnesota",45.0015071,-93.2956592,1,3
9/13/15,"1910 South Pine Avenue, Ocala, Florida",29.1683301,-82.1386983,1,5
9/15/15,"Irvine Turner Boulevard and West Kinney Street, Newark, New Jersey",40.7321149,-74.1892581,0,4
9/17/15,"36705 379th Street, Geddes, South Dakota",43.3152581,-98.6044435,6,0
9/17/15,"500 block of W. Broadwell Street, Albion, Michigan",42.256896,-84.7600575,0,4
9/19/15,"3900 block of Graceland Avenue, Indianapolis, Indiana",39.8263726,-86.1627844,1,3
9/20/15,"900 block of Pratt Street, Philadelphia, Pennsylvania",40.0308054,-75.0928795,1,3
9/20/15,"5700 block of South LaSalle, Chicago, Illinois",41.7909299,-87.6292084,1,5
9/23/15,"Dale Street and Veronica S. Shoemaker Boulevard, Fort Myers, Florida",26.6471872,-81.8403765,0,4
9/23/15,"1300 block of Reddington Lane, Norcross, Georgia",33.910472,-84.174445,1,3
9/24/15,"5100 block of South Morgan Street, Chicago, Illinois",41.8015233,-87.6502019,0,5
9/25/15,"1300 block of May Street, Danville, Illinois",40.1401769,-87.6022501,0,4
9/27/15,"1140 Hill Haven Road, Greenville, Georgia",33.0327023,-84.724823,0,10
9/27/15,"5200 block of South Justine, Chicago, Illinois",41.79939,-87.663847,0,4
9/27/15,"1700 E. 18th St., Kansas City, Missouri",39.091355,-94.5619258,0,4
9/28/15,"1800 block of Hewitt Avenue, Cincinnati (Evanston), Ohio",39.1373897,-84.4719926,0,5
9/28/15,"5300 block of South Aberdeen Street, Chicago, Illinois",41.797707,-87.65289,2,3
9/28/15,"1921 Oakridge, Dayton, Ohio",39.7583911,-84.2357924,0,4
10/1/15,"1140 Umpqua College Rd, Roseburg, Oregon",43.291178,-123.334899,10,9
10/2/15,"5400 Reisterstown Road, Baltimore, Maryland",39.3460021,-76.688399,1,4
10/6/15,"300 block of North Payson Street, Baltimore, Maryland",39.2919467,-76.6488716,0,5
10/9/15,"216 E Mountain View Drive, Flagstaff, Arizona",35.189276,-111.649455,1,3
10/10/15,"6135 Mount Moriah Road, Memphis, Tennessee",35.0700738,-89.8593388,0,6
10/10/15,"1900 block of West Boulevard, Charlotte, North Carolina",35.214263,-80.889749,0,4
10/10/15,"2405 N Flora, Peoria, Illinois",40.717024,-89.601322,1,3
10/12/15,"4731 Glenwood Road, Decatur, Georgia",33.7369637,-84.2243115,0,4
10/17/15,"2224 First St, Fort Myers, Florida",26.6440355,-81.8701195,1,4
10/17/15,"160 Easy Shopping Place, Elkhart, Indiana",41.6907322,-85.966219,0,4
10/18/15,"2600 block of Caffin Avenue, New Orleans, Louisiana",29.977196,-90.011173,0,4
10/19/15,"300 Campbell Avenue, Calumet City, Illinois",41.629428,-87.550872,0,6
10/22/15,"3500 John A. Merritt Blvd, Nashville, Tennessee",36.1682498,-86.8260896,1,3
10/24/15,"682 Dixie Ave., Bamberg, South Carolina",33.3011129,-81.0336301,0,4
10/25/15,"2339 Stricklands Crossroads Road, Four Oaks, North Carolina",35.364437,-78.357259,0,5
10/25/15,"Seventh Street and Broadway, Phoenix, Arizona",33.4067144,-112.0645687,1,4
10/25/15,"4300 block of Wheeler Road SE, Washington, District of Columbia",38.8325545,-76.9881007,0,5
10/26/15,"711 E Virginia St, Evansville, Indiana",37.981724,-87.5544733,0,5
10/27/15,"1700 block of Southcrest Drive, Fort Worth, Texas",32.6707729,-97.345196,0,5
10/28/15,"400 block of Morgan Street, Houma, Louisiana",29.5950081,-90.7305463,1,3
11/2/15,"2217 Refuge Road, Pendleton, South Carolina",34.64737,-82.749033,4,0
11/3/15,"Ella Street and Kings Road, Jacksonville, Florida",30.347467,-81.6926869,2,3
11/6/15,"1000 block of Feliz Drive, Bakersfield, California",35.350331,-118.9895333,0,4
11/7/15,"Bayaud and Bannock, Denver, Colorado",39.7147978,-104.9899697,1,3
11/8/15,"4397 NW 6th Drive, Des Moines, Iowa",41.640188,-93.626328,1,3
11/8/15,"13859 8 Mile Road, Warren, Michigan",42.4512311,-82.9831985,0,4
11/9/15,"400 block of North Beville Ave, Indianapolis, Indiana",39.7728622,-86.1230294,2,2
11/13/15,"1300 block of South Shirley Oaks Drive, Jacksonville, Florida",30.4659425,-81.6057169,4,1
11/14/15,"1159 Main St, Johnstown, Pennsylvania",40.3435688,-78.883312,0,4
11/15/15,"5600 block of Blakemore Street, Philadelphia, Pennsylvania",40.0482827,-75.1601797,0,4
11/15/15,"800 block of County Road 2217, Tennessee Colony, Texas",31.807593,-95.806857,5,0
11/16/15,"1400 block of County Road 664, Cherokee (county), Alabama",34.2313351,-85.6933245,3,1
11/18/15,"California Avenue and Martin Luther King Jr. Boulevard, Fresno, California",36.7214086,-119.7998626,0,5
11/21/15,"Stricker and School, Baltimore, Maryland",39.3057902,-76.6419338,1,3
11/22/15,"1800 block of FM 802, Brownsville, Texas",25.924811,-97.4066538,0,4
11/22/15,"203 Broadway, Newburgh, New York",41.5001986,-74.0164156,0,5
11/22/15,"4100 block of West Roosevelt, Chicago, Illinois",41.8661269,-87.7276188,0,4
11/22/15,"1900 block of Gallier Street, New Orleans, Louisiana",29.9747756,-90.0371554,0,17
11/23/15,"90 block of S. Terrace Avenue, Columbus, Ohio",39.9533603,-83.0663712,4,1
11/23/15,"Morgan Avenue North, Minneapolis, Minnesota",45.0312886,-93.3046532,0,5
11/24/15,"1321 Colletta Court, Horry (county), South Carolina",33.8706674,-79.1396831,0,4
11/27/15,"3480 Centennial Blvd, Colorado Springs, Colorado",38.8808965,-104.8489757,3,9
11/27/15,"7900 block of Florin Road, Sacramento, California",38.4953396,-121.410714,2,2
11/29/15,"648 E. Court St, Kankakee, Illinois",41.119334,-87.857852,0,5
12/2/15,"1365 South Waterman Avenue, San Bernardino, California",34.075779,-117.2777623,16,19
12/2/15,"100 block of West 33rd Street, Savannah, Georgia",32.0607278,-81.1000248,1,3
12/6/15,"Market Street, Raceland, Louisiana",29.719339,-90.6093227,1,3
12/8/15,"2300 block of Baltimore Avenue, Cincinnati (Fairmount), Ohio",39.1360889,-84.559073,1,3
12/11/15,"5100 block of Park Heights Avenue, Baltimore, Maryland",39.3482879,-76.67506,1,3
12/11/15,"200 block of  Brownsville Road, Pittsburgh (Mount Oliver), Pennsylvania",40.415868,-79.987511,0,4
12/12/15,"Whitaker Street, Savannah, Georgia",32.0671405,-81.0976067,0,4
12/12/15,"307 Jefferson St, Lovejoy (Brooklyn), Illinois",38.6573795,-90.1683902,1,3
12/13/15,"5550 S. Flower Street, Los Angeles, California",34.0158468,-118.2826487,1,3
12/13/15,"17000 block of Keelson Lane, Huntington Beach, California",33.7115986,-117.9907468,0,4
12/20/15,"11th and Castle Street, Wilmington, North Carolina",34.2288726,-77.9345553,1,4
12/20/15,"21630 Southwest 120th Avenue, Miami (Goulds), Florida",25.5659366,-80.3867803,1,4
12/20/15,"Northeast Seventh Avenue and Northeast 166th Street, Miami-dade (county), Florida",25.9277617,-80.1862322,0,4
12/21/15,"14600 block of East 14th Street, San Leandro, California",37.7097918,-122.1344693,0,4
12/25/15,"Franklin and Odessa, Jacksonville, Florida",30.3328796,-81.6394057,0,4
12/25/15,"785 Schillinger Rd S, Mobile, Alabama",30.6729701,-88.2215986,0,4
12/26/15,"4210 Macalester St, Philadelphia, Pennsylvania",40.0142141,-75.1211119,0,4
12/27/15,"North Parkway, Jackson, Tennessee",35.6486031,-88.8176188,0,4
12/31/15,"1900 block of Amelia Street, New Orleans, Louisiana",29.930363,-90.095893,0,6
1/6/16,"2312 East Magnolia Street, Lakeland, Florida",28.0505547,-81.9133782,3,1
1/7/16,"3800 block of Kerwood Avenue, Memphis, Tennessee",35.2336271,-89.9362666,1,3
1/8/16,"1700 East Capitol Street Northeast, Washington, District of Columbia",38.8903247,-76.9795263,0,4
1/8/16,"1500 block of South Kedzie, Chicago, Illinois",41.8609241,-87.705496,1,4
1/11/16,"900 block of Brown Street, Wilmington, Delaware",39.7350736,-75.5672256,1,4
1/17/16,"Ditchley Road and Gill Lane, Ware Neck (Gloucester Courthouse), Virginia",37.4000818,-76.4373384,1,3
1/23/16,"8105 Avalon Blvd, Los Angeles, California",33.9653677,-118.2654023,2,2
1/25/16,"140 S. D Street, Perris, California",33.7847078,-117.2286829,1,4
1/26/16,"Airport Way S. and S. Atlantic St., Seattle, Washington",47.5903084,-122.3226381,2,3
1/27/16,"1401 N. George Washington Hwy, Chesapeake, Virginia",36.7904711,-76.330199,6,0
1/30/16,"67th and Missouri Avenue, Glendale, Arizona",33.5165652,-112.2048404,3,5
2/3/16,"1500 block of Butler St. SE, Washington, District of Columbia",38.8611709,-76.9839445,0,4
2/6/16,"12800 block of Cook Street, Los Angeles, California",33.9164169,-118.2706863,1,3
2/6/16,"10th Street, Apopka, Florida",28.6657609,-81.5025753,0,4
2/6/16,"8123 N Nebraska Ave, Tampa, Florida",28.0218932,-82.4509738,2,6
2/7/16,"Davis Avenue, Pass Christian, Mississippi",30.3217229,-89.2443023,2,4
2/7/16,"7432 Universal Blvd, Orlando, Florida",28.4554551,-81.464975,2,10
2/7/16,"547 State St, Rochester, New York",43.1642357,-77.6230683,1,7
2/7/16,"6500 block of South Green Street, Chicago (Englewood), Illinois",41.77596,-87.6461684,0,4
2/13/16,"5425 Lapalco Boulevard, Marrero, Louisiana",29.8748622,-90.1082222,0,4
2/14/16,"8449 Gulf Freeway, Houston, Texas",29.6726926,-95.263815,1,3
2/14/16,"Earnest Friday Road, Eutaw (Union), Alabama",32.989047,-87.9097851,0,5
2/19/16,"4100 block of Buena Vista Road, Edgerton, Missouri",39.4925406,-94.6372523,4,0
2/19/16,"509 Porter Street, Vallejo, California",38.088301,-122.2454966,1,3
2/20/16,"2810 E. Bearss Ave, Tampa, Florida",28.0810232,-82.4279982,1,3
2/20/16,"5581 Cracker Barrel Blvd, Kalamazoo, Michigan",42.2365283,-85.6747669,6,2
2/20/16,"231 Co Rd 201, Iuka, Mississippi",34.7542645,-88.1405843,2,3
2/20/16,"200 block of Elm Street, Bessemer, Alabama",33.373094,-86.975925,1,3
2/20/16,"446 S Parramore Ave, Orlando, Florida",28.5366853,-81.3892661,0,4
2/21/16,"5100 block of Idaho Street, Houston, Texas",29.6870021,-95.3436883,0,5
2/23/16,"4812 West Sunnyside Ave, Glendale, Arizona",33.5924172,-112.1627374,5,0
2/23/16,"1042 Sheridan Road, Daytona Beach, Florida",29.209039,-81.044772,0,4
2/25/16,"200 S Ridge Rd, Hesston, Kansas",38.1357057,-97.4252262,4,14
2/26/16,"300 block of Horseshoe Rd., Belfair, Washington",47.5041617,-122.9313557,5,0
2/27/16,"13051 Lashmere Ct, Woodbridge (Lake Ridge), Virginia",38.669599,-77.353618,2,2
2/28/16,"8800 block of Livernois, Detroit, Michigan",42.359364,-83.1383732,0,5
3/4/16,"900 E 5th Ave, Columbus, Ohio",39.9864733,-82.9805451,1,3
3/5/16,"116 North Mead, Wichita, Kansas",37.6867959,-97.3287243,0,4
3/6/16,"890 Atlanta St, Roswell, Georgia",34.0228347,-84.3619929,0,4
3/6/16,"900 block of West Victoria Street, Compton, California",33.867781,-118.2389731,1,8
3/7/16,"800 block of Martin Luther King Jr. Drive, Lafayette, Louisiana",30.2495862,-92.0247937,0,4
3/7/16,"3000 block of South 36th Street, Kansas City, Kansas",39.0475649,-94.6698804,5,0
3/8/16,"Sherman St, San Antonio, Texas",29.433961,-98.464248,2,3
3/9/16,"1304 Franklin Ave, Pittsburgh, Pennsylvania",40.4381988,-79.8729198,5,3
3/11/16,"2600 block of Hazelwood, Detroit, Michigan",42.3714836,-83.1074886,2,2
3/11/16,"Oliver Avenue, Trenton, New Jersey",40.2390145,-74.7780545,0,5
3/12/16,"Interstate 880, Oakland, California",37.7985649,-122.2747755,0,4
3/13/16,"50 South Road, Fort Myers, Florida",26.5768909,-81.8674266,0,4
3/15/16,"Donald Lee Hollowell Drive, Atlanta, Georgia",33.7768109,-84.459575,0,5
3/19/16,"12050 NW 4th Court, Plantation, Florida",26.1250579,-80.3094117,1,4
3/19/16,"South Shelby Street, Wetumpka, Alabama",32.5382681,-86.2139577,2,2
3/21/16,"5700 block of West Washington Boulevard, Chicago, Illinois",41.88238,-87.768658,0,4
3/25/16,"8501 E. Alameda Avenue, Denver, Colorado",39.711154,-104.889554,0,4
3/31/16,"6800 block of South Throop, Chicago (Englewood), Illinois",41.770355,-87.657037,0,4
4/7/16,"2200 block of East 70th Place, Chicago, Illinois",41.7672555,-87.5712641,0,4
4/9/16,"Mt Moriah Road and Ridgeway Road, Memphis, Tennessee",35.0724122,-89.8634906,0,4
4/9/16,"West 15th Street and Crawford Avenue, Anniston, Alabama",33.6636468,-85.8501035,0,4
4/10/16,"76th and Sheridan, Milwaukee, Wisconsin",43.1182626,-88.0060965,1,3
4/16/16,"9500 block of Oakland, Detroit, Michigan",42.3882354,-83.0741777,1,4
4/16/16,"1100 block of Conley Street, Orlando, Florida",28.5329354,-81.3935984,2,4
4/16/16,"Baxter Street, Enterprise, Alabama",31.3036645,-85.8154565,0,4
4/17/16,"600 block of Westmoreland Street, Philadelphia, Pennsylvania",39.998675,-75.1189,3,1
4/17/16,"200 block of Eastview Road, Pelzer, South Carolina",34.6421833,-82.437006,1,3
4/17/16,"5021 W St Hwy 107, Edinburg, Texas",26.3102759,-98.2232341,1,6
4/18/16,"1200 block of E. 17th Street, Long Beach, California",33.787858,-118.176051,1,3
4/19/16,"81551 Us Highway 278, Blountsville, Alabama",34.1599125,-86.4690854,1,4
4/19/16,"2700 block of West 53rd Street, Chicago, Illinois",41.7973737,-87.6914673,1,3
4/19/16,"1400 block of West 84th Street, Chicago, Illinois",41.7413927,-87.6583636,1,4
4/21/16,"4800 block of Frankford Avenue, Baltimore, Maryland",39.3323899,-76.545298,0,4
4/22/16,"3162 Johnson Drive, Appling, Georgia",33.5991456,-82.2246035,6,0
4/23/16,"1650 South Hollywood Boulevard, Las Vegas, Nevada",36.1525857,-115.02572,1,3
4/23/16,"1200 block of Lee Road 83, Auburn, Alabama",32.5470452,-85.4190304,3,1
4/23/16,"3732 S.W. Topeka Boulevard, Topeka, Kansas",38.9989899,-95.6873432,1,4
4/23/16,"West 141st Street and Edgecombe Avenue, New York (Manhattan), New York",40.8208788,-73.9451634,0,4
4/24/16,"1055 L P Bailey Memorial Hwy, Halifax, Virginia",36.7768071,-78.9226676,0,5
4/24/16,"2000 block of West 68th Place, Chicago (Englewood), Illinois",41.7695481,-87.6738787,2,3
4/24/16,"1400 block of 14th Street, Denver, Colorado",39.7480015,-105.0006961,0,4
4/25/16,"400 Charlotte Avenue, Nashville, Tennessee",36.1664533,-86.7815239,0,4
4/25/16,"1506 Northwest 70th Street, Miami, Florida",25.8384009,-80.2233586,0,5
4/26/16,"6500 block of Hil-Mar Drive, District Heights (Forestville), Maryland",38.8431713,-76.895417,1,4
4/27/16,"4300  Block of Kerrit Dr, Baton Rouge, Louisiana",30.4903259,-91.0871866,2,2
4/27/16,"Pecan Drive, Kilmichael, Mississippi",33.4353991,-89.5724082,3,1
4/29/16,"400 block of N Dade Ave, Saint Louis (Ferguson), Missouri",38.7509246,-90.315066,0,4
4/29/16,"3200 block of San Pablo Avenue, Oakland, California",37.822573,-122.2770867,0,5
5/1/16,"1955 Old Castle Drive, Murfreesboro, Tennessee",35.822794,-86.349051,0,5
5/4/16,"16th Avenue North and Newton Avenue North, Minneapolis, Minnesota",44.99522,-93.30571,1,7
5/5/16,"300 block of North Thomas Drive, Shreveport, Louisiana",32.5389864,-93.7634778,2,6
5/5/16,"2108 NW 19th Terrace, Miami, Florida",25.7937372,-80.227331,1,3
5/6/16,"12300 block of Gratiot, Detroit, Michigan",42.4159689,-82.989651,1,4
5/6/16,"1300 block of Clay Street, Montgomery, Alabama",32.3757177,-86.3332762,1,3
5/6/16,"7101 Democracy Blvd, Bethesda, Maryland",39.0257716,-77.1475762,3,3
5/8/16,"8600 block of North Lamar, Austin, Texas",30.3546103,-97.7046928,1,3
5/11/16,"1400 block of 21st Street N, Birmingham, Alabama",33.531259,-86.814271,1,4
5/11/16,"7100 block of South State Street, Chicago, Illinois",41.7639336,-87.6248645,0,5
5/14/16,"2337 Washington St W, Charleston, West Virginia",38.3730759,-81.7076955,1,3
5/15/16,"420 North Garvin Street, Evansville, Indiana",37.9812025,-87.5568448,0,4
5/15/16,"Rossman Dairy Road, Moultrie, Georgia",31.2122073,-83.8517835,5,0
5/17/16,"5360 Savannah Highway, Ravenel, South Carolina",32.784928,-80.203702,3,1
5/18/16,"34th Street and North Keystone Avenue, Indianapolis, Indiana",39.8180988,-86.1216714,0,4
5/22/16,"8639 Apple St, New Orleans, Louisiana",29.9616159,-90.1237103,0,4
5/22/16,"Poplar and Sutter Streets, Stockton, California",37.962289,-121.2882889,1,3
5/22/16,"100 block of Rains Avenue, Nashville, Tennessee",36.1401248,-86.7638002,0,4
5/23/16,"102 Isabella Avenue, Newark, New Jersey",40.7414542,-74.2209565,0,5
5/29/16,"200 block of N 3rd St, Las Vegas, Nevada",36.1720387,-115.1413268,0,4
5/29/16,"600 block of Martin Luther King Jr. Boulevard, Trenton, New Jersey",40.229425,-74.763225,0,6
5/29/16,"300 block of South Meridian Street, Indianapolis, Indiana",39.7624106,-86.1583195,0,4
5/29/16,"13210 Memorial Drive, Houston, Texas",29.7730283,-95.5741433,2,6
5/30/16,"500 block of East 43rd Street, Baltimore, Maryland",39.3410472,-76.609056,0,5
5/30/16,"3900 block of 44th, Sacramento, California",38.5129184,-121.4626226,0,5
5/31/16,"3300 block of West Huron Street, Chicago, Illinois",41.8936911,-87.7089351,0,4
5/31/16,"6600 block of Pawawna Drive, Fort Wayne, Indiana",41.1059598,-85.0571391,0,4
6/4/16,"3600 block of Hudson Street, Denver, Colorado",39.7674446,-104.9234444,3,1
6/5/16,"8th and Humboldt Avenue N., Minneapolis, Minnesota",44.9863398,-93.2981823,0,4
6/5/16,"2600 block of Skyline Boulevard S, Cape Coral, Florida",26.6035305,-81.9909408,3,3
6/5/16,"8152 N Black Canyon Hwy, Phoenix, Arizona",33.5563863,-112.1139819,2,4
6/5/16,"Mermaid Ave and 16th St., Brooklyn, New York",40.5767364,-73.9837154,0,4
6/6/16,"33 60 South Fairway Street, Visalia, California",36.3034273,-119.3109697,0,4
6/8/16,"66 Washington St, Boston, Massachusetts",42.245876,-71.1199317,1,3
6/9/16,"Landview Drive, Fort Walton Beach, Florida",30.462036,-86.648831,0,4
6/11/16,"2300 block of Davis Ave, Roswell, New Mexico",33.4198165,-104.5184652,5,0
6/11/16,"4000 block of Elmore Avenue, Webster, Minnesota",44.5297813,-93.3728498,0,4
6/11/16,"Alvarado Avenue, Stockton, California",37.9874266,-121.291158,1,3
6/11/16,"8500 block of Cedros Avenue, Panorama City, California",34.2247508,-118.4535746,3,2
6/11/16,"4000 block of Collegiate Avenue, Charlotte, North Carolina",35.3242274,-80.7105361,1,3
6/12/16,"1912 S Orange Avenue, Orlando, Florida",28.5196046,-81.3767987,50,53
6/13/16,"Avenue D and E. 57th, Brooklyn, New York",40.6427459,-73.9226193,0,5
6/13/16,"3200 block of West Congress, Chicago, Illinois",41.8749169,-87.7059695,0,5
6/14/16,"South Van Buren and Elm streets, Wilmington, Delaware",39.7407805,-75.5645628,0,4
6/14/16,"1301 Franklin Street, Oakland, California",37.803382,-122.2705555,1,3
6/18/16,"Fredrick Douglas Road, Exmore, Virginia",37.532716,-75.831745,1,3
6/18/16,"2625 Arnold Ct, Waycross, Georgia",31.222011,-82.3755135,2,2
6/18/16,"East 79th Street and South Escanaba Avenue, Chicago, Illinois",41.7518868,-87.5540382,0,4
6/19/16,"2328 Melrose Avenue, Roanoke, Virginia",37.285884,-79.975037,0,4
6/21/16,"Mosshill Lane, Willingboro, New Jersey",40.031029,-74.8923405,0,4
6/21/16,"2802 Rodman Street, Louisville, Kentucky",38.2088588,-85.7701488,2,2
6/22/16,"Lancashire Drive and Central Drive, Dekalb (county), Georgia",33.8115908,-84.1881891,1,4
6/22/16,"3100 block of West Warren, Chicago, Illinois",41.8819174,-87.7038016,0,4
6/24/16,"N. 3rd and Walker, Kansas City, Kansas",39.1232982,-94.6161014,0,4
6/24/16,"Brook and Winter Street, Hartford, Connecticut",41.7792046,-72.6830549,0,5
6/24/16,"3100 block of Orleans Ave, District Heights, Maryland",38.8453975,-76.8779699,3,2
6/25/16,"2466 East Lancaster Avenue, Fort Worth, Texas",32.7443545,-97.2916452,2,5
6/25/16,"700 block of Craig Street, Norfolk, Virginia",36.8281956,-76.2786591,0,4
6/25/16,"1400 block of W. 114th Place, Chicago, Illinois",41.6860028,-87.6569173,0,4
6/26/16,"Highway 38 N, Bennettsville, South Carolina",34.6084346,-79.679436,0,4
6/26/16,"1500 block of Moreland Avenue SE, Atlanta, Georgia",33.7112012,-84.3486643,1,4
6/26/16,"6000 block of Elm Street, Houston, Texas",29.7127764,-95.4869789,1,3
6/26/16,"2240 Camp Greene St., Charlotte, North Carolina",35.2246413,-80.8849722,0,5
6/27/16,"13436 Killiam Loop NE, Woodburn, Oregon",45.1478739,-122.7842785,3,1
6/29/16,"6100 block of West Lake Mead Boulevard, Las Vegas, Nevada",36.1957802,-115.2239793,5,0
6/30/16,"9500 block of South Loomis Street, Chicago, Illinois",41.721063,-87.658076,1,4
7/3/16,"401 Lea Joyner Memorial Expy, Monroe, Louisiana",32.5025818,-92.1070681,2,3
7/3/16,"2300 block of Daisy Street, Chattanooga, Tennessee",35.0658842,-85.2516153,0,4
7/4/16,"Seventh  Ave and Liberty Ave, Pittsburgh, Pennsylvania",40.4431054,-79.9973626,0,4
7/4/16,"5500 block of South Hermitage Avenue, Chicago (Englewood), Illinois",41.7935899,-87.6682188,0,4
7/4/16,"419 Chauncey Street, Brooklyn, New York",40.6819565,-73.9176852,0,7
7/4/16,"1400 block of W. 107 Street, Cleveland, Ohio",41.4817352,-81.761476,0,4
7/4/16,"1300 block of Robin, Houston, Texas",29.7565882,-95.3806045,3,2
7/4/16,"4000 block of West Southern Avenue, Phoenix, Arizona",33.3920573,-112.1457402,2,6
7/7/16,"536 Volunteer Parkway, Bristol, Tennessee",36.5871277,-82.1861974,1,4
7/7/16,"800 Main St, Dallas, Texas",32.7790902,-96.8046132,5,9
7/7/16,"2136 North Lobdell Avenue, Baton Rouge, Louisiana",30.4680064,-91.1180452,0,4
7/11/16,"1800 block of W. North Avenue, Baltimore, Maryland",39.3098853,-76.6465614,0,5
7/11/16,"500 block of Summit Avenue, Jackson, Michigan",42.2466072,-84.3880416,0,4
7/11/16,"811 Port St, Saint Joseph, Michigan",42.1101154,-86.4772334,3,2
7/11/16,"5100 block of Call Pl., SE, Washington, District of Columbia",38.8843097,-76.928377,0,4
7/13/16,"105 Magnolia Avenue, Warner Robins, Georgia",32.643751,-83.615857,0,5
7/13/16,"3000 block of Miami St, Saint Louis, Missouri",38.59048,-90.234406,2,2
7/14/16,"400 block of Pecan Avenue, Crosby, Texas",29.8723599,-95.0662297,3,1
7/14/16,"1600 block of 7th Street, Oakland, California",37.8062846,-122.2982197,0,4
7/14/16,"900 block of Moeller Avenue, Akron, Ohio",41.0692133,-81.5449249,1,3
7/15/16,"4006 NW 417th Street, Woodland, Washington",45.9231095,-122.7124463,3,1
7/16/16,"6300 block of Benavides Drive, Dallas, Texas",32.7154355,-96.7140901,0,5
7/16/16,"5000 block of Euclid Avenue, Cleveland, Ohio",41.5039407,-81.6542815,0,5
7/16/16,"1200 block of West 25th Street, San Bernardino, California",34.1388558,-117.3102268,0,4
7/16/16,"621 Stephens Drive, Bakersfield, California",35.3478291,-119.0358824,1,14
7/16/16,"1348 College Street, Clarksville, Tennessee",36.5408382,-87.3363054,0,6
7/17/16,"9611 Airline Highway, Baton Rouge, Louisiana",30.4339132,-91.0822147,4,3
7/17/16,"6610 Tidwell, Houston, Texas",29.8479402,-95.3029017,1,3
7/17/16,"Grand River and McGraw avenue, Detroit, Michigan",42.3533894,-83.1009443,0,4
7/21/16,"4400 block of South Leamington, Chicago, Illinois",41.812846,-87.752214,0,5
7/22/16,"300 block of North Wildwood Avenue, Kankakee, Illinois",41.1218539,-87.8536075,0,5
7/23/16,"3630 Ashley Phosphate Road, North Charleston, South Carolina",32.9256053,-80.0846833,0,4
7/23/16,"Fountain Avenue, Brooklyn, New York",40.6657986,-73.8711445,0,4
7/23/16,"3400 block of Beekman Street, Cincinnati, Ohio",39.1490878,-84.5512305,2,2
7/23/16,"202 Childers Drive, Bastrop, Texas",30.1029405,-97.3288544,4,1
7/25/16,"3580 Evans Ave, Fort Myers, Florida",26.6107261,-81.8603207,2,19
7/28/16,"303 College Ave, Elmira, New York",42.0896477,-76.8105561,0,5
7/28/16,"Greenmount Avenue, Baltimore, Maryland",39.3188223,-76.6094629,0,4
7/28/16,"800 block of West 50th Place, Chicago, Illinois",41.8024773,-87.6453979,2,2
7/29/16,"Trail Creek St, Athens, Georgia",33.9664065,-83.3579781,0,7
7/30/16,"5000 block of Kensington Ave, Saint Louis, Missouri",38.653869,-90.2631671,0,5
7/30/16,"14699 Highway 17, Townsend (Eulonia), Georgia",31.533322,-81.4271816,0,5
7/30/16,"10009 Chennault Beach, Mukilteo, Washington",47.8979914,-122.3044037,3,1
7/31/16,"Southwest 203rd Terrace and 115th Avenue, Miami, Florida",25.57761,-80.378916,3,1
7/31/16,"208 East Sixth Street, Austin, Texas",30.2678424,-97.7409538,1,4
8/2/16,"5700 block of Hallandale Beach Blvd, Hollywood (West Park), Florida",25.9847676,-80.1746385,0,4
8/3/16,"4110 Glenwood Road, Decatur, Georgia",33.7389919,-84.2503463,1,3
8/4/16,"Ayers Street and Griffith Avenue, Memphis, Tennessee",35.161441,-90.0276687,0,4
8/5/16,"70 block of Thorpe Street, Pontiac, Michigan",42.637713,-83.3115863,1,3
8/5/16,"21600 block of Rider St, Perris, California",33.8299871,-117.2853594,2,2
8/6/16,"51 Winding Brook Drive, Reading (Sinking Spring), Pennsylvania",40.3317836,-76.0242866,5,0
8/7/16,"5925 South Figueroa Street, Los Angeles, California",33.986674,-118.283052,1,3
8/7/16,"4460 Clay St, Vicksburg, Mississippi",32.3437851,-90.8294708,1,3
8/7/16,"5400 block of Sheridan Boulevard, Arvada, Colorado",39.7944462,-105.0519541,2,2
8/7/16,"100 block of South Springfield, Chicago, Illinois",41.8797739,-87.7231847,0,4
8/8/16,"341 General Marshall Street NE, Albuquerque, New Mexico",35.0798876,-106.5495358,2,2
8/8/16,"1214 Labelle St, Jacksonville, Florida",30.302565,-81.732164,0,7
8/11/16,"500 block of E Ashmead St, Philadelphia, Pennsylvania",40.037283,-75.160596,0,4
8/12/16,"100 block of West 38th Street, Jacksonville, Florida",30.3678083,-81.65485,1,3
8/12/16,"10921 Estate Ln, Dallas, Texas",32.8825416,-96.6968421,1,3
8/13/16,"4001 West Fond Du Lac Ave, Milwaukee, Wisconsin",43.0795952,-87.9635538,2,2
8/13/16,"Jamaica Ave and 105th St, Richmond Hill, New York",40.6952276,-73.8419975,0,4
8/13/16,"1800 Connecticut Ave, Joplin, Missouri",37.0712829,-94.4942382,0,4
8/14/16,"1600 block of Selden Avenue, Norfolk, Virginia",36.8273368,-76.2677326,0,4
8/14/16,"1717 Plymouth Ave N, Minneapolis, Minnesota",44.9912473,-93.302672,0,5
8/17/16,"Mandela Parkway, Oakland, California",37.8152684,-122.2900858,0,4
8/18/16,"402 E Main Street, Waterbury, Connecticut",41.5541443,-73.0339044,0,4
8/20/16,"900 block of Pacific Avenue, Tacoma, Washington",47.2554249,-122.4390956,0,5
8/20/16,"903 Dixwell Ave, Hamden, Connecticut",41.3377926,-72.9349372,0,4
8/20/16,"Jim Platt Road, Citronelle, Alabama",31.049996,-88.308808,5,0
8/21/16,"19 Plymouth St, Bridgeport, Connecticut",41.198299,-73.1755346,0,13
8/21/16,"Westview and Stratton Street, Boston, Massachusetts",42.2911132,-71.0887781,0,4
8/25/16,"Marion Street, Bridgeton, New Jersey",39.4317981,-75.2288678,0,5
8/27/16,"3810 7th Ave, Bessemer (Brighton), Alabama",33.441064,-86.950604,1,6
8/27/16,"1900 block of NW 83rd Terr, Miami, Florida",25.8505231,-80.229801,2,4
8/28/16,"2200 block of 17th St, Lubbock, Texas",33.5798765,-101.8641012,0,6
8/28/16,"514 E 156th St, Bronx, New York",40.819209,-73.9112157,0,4
8/28/16,"S Grand Blvd and Montana St, Saint Louis, Missouri",38.5837653,-90.2447307,2,2
8/29/16,"907 White Horse Pike, Egg Harbor City, New Jersey",39.5265587,-74.6437543,1,5
8/29/16,"41450 Cruz Way, Temecula, California",33.519479,-117.0317887,5,0
8/30/16,"400 Merritts Avenue NE, Atlanta, Georgia",33.7690527,-84.37451,0,4
8/30/16,"6800 block of South Ashland, Chicago (Englewood), Illinois",41.7698662,-87.664355,0,4
9/3/16,"100 block of North Seeley Avenue, Chicago, Illinois",41.9705491,-87.6804572,0,4
9/4/16,"1020 Orange Ave NE, Roanoke, Virginia",37.2837756,-79.9227534,1,10
9/5/16,"2700 block of W Lexington Ave, Chicago, Illinois",41.872262,-87.69373,2,3
9/8/16,"8330 Linden Rd, Del Valle, Texas",30.1333938,-97.5894034,4,0
9/8/16,"300 block of Lacey St, Hot Springs National Park (Hot Springs), Arkansas",34.49885,-93.0754756,1,4
9/10/16,"3451 Northwest 36 Street, Miami, Florida",25.8089503,-80.252252,1,3
9/11/16,"3006 Holton Avenue, Fort Wayne, Indiana",41.0574046,-85.1187517,3,1
9/11/16,"2349 S Claiborne Ave, New Orleans, Louisiana",29.944713,-90.091398,1,5
9/11/16,"500 block of Westport Rd, Kansas City, Missouri",39.0529277,-94.5917188,0,6
9/11/16,"2207 Pierce Road, Saginaw, Michigan",43.506883,-83.959673,0,5
9/11/16,"1100 block of Highway 70, New Bern, North Carolina",35.0799924,-77.029764,0,5
9/13/16,"1723 E Wayne St, Fort Wayne, Indiana",41.0803766,-85.1148879,3,2
9/14/16,"16000 block of Saybrook, Humble, Texas",29.958559,-95.3022945,1,3
9/16/16,"5100 block of Sansom St, Philadelphia, Pennsylvania",39.9574785,-75.2234002,2,5
9/16/16,"555 N Heliotrope Dr, Los Angeles (Hollywood), California",34.0806533,-118.295644,2,2
9/17/16,"20582 SW 119th Ave, Miami, Florida",25.5755304,-80.3853663,0,6
9/17/16,"3918 Columbia St, Orlando, Florida",28.526767,-81.424421,1,6
9/17/16,"2016 West 76th Street, Indianapolis, Indiana",39.8908879,-86.197731,2,2
9/17/16,"2600 block of Birney Place SE, Washington, District of Columbia",38.8568555,-76.9968407,2,7
9/18/16,"3001 Castor Avenue, Philadelphia, Pennsylvania",39.9857442,-75.0859131,0,4
9/18/16,"421 Rivermont Ave, Lynchburg, Virginia",37.4215932,-79.1497818,1,3
9/23/16,"201 Cascade Mall Dr, Burlington, Washington",48.4631672,-122.338276,5,0
9/24/16,"Greenmount Avenue and Preston Street, Baltimore, Maryland",39.3048255,-76.6081873,0,8
9/25/16,"300 block of E. Green St, Champaign, Illinois",40.110245,-88.2353849,1,3
9/26/16,"100 block of 5 Royales Dr, Winston Salem (Winston-salem), North Carolina",36.1144292,-80.2452377,0,4
9/26/16,"21219 Grand Linden Ct, Humble, Texas",30.0216352,-95.3123502,0,4
9/26/16,"5450 Weslayan St, Houston, Texas",29.7235827,-95.4421156,1,6
9/29/16,"400 block of Ellis Street, San Francisco, California",37.7848729,-122.412823,1,3
10/1/16,"17250E Road, Pembroke Township, Illinois",41.0321327,-87.5381426,4,0
10/1/16,"3200 block of East Clay Avenue, Fresno, California",36.7565708,-119.7710645,0,4
10/2/16,"2600 South Flores Street, San Antonio, Texas",29.398425,-98.504302,1,4
10/3/16,"Fourth St and Hennepin Ave, Minneapolis, Minnesota",44.9804419,-93.271348,0,4
10/4/16,"3727 Ulloa Street, New Orleans, Louisiana",29.9673809,-90.1018339,3,2
10/8/16,"7301 3rd Ave, Brooklyn, New York",40.632653,-74.026982,0,4
10/9/16,"1850 28th Street SE, Grand Rapids, Michigan",42.9121308,-85.6224829,1,8
10/9/16,"1696 Arden Way, Sacramento, California",38.597953,-121.4275994,1,3
10/13/16,"2700 block of West Lexington, Chicago, Illinois",41.872262,-87.69373,0,4
10/14/16,"3300 block of W Maypole Ave, Chicago, Illinois",41.8838688,-87.7086392,1,6
10/15/16,"1800 block of St Stephens Road, Mobile, Alabama",30.7030224,-88.0786222,0,5
10/15/16,"7801 East State St, Rockford, Illinois",42.2696203,-88.962777,1,5
10/15/16,"2918 Rimpau Blvd, Los Angeles, California",34.0271623,-118.3508137,4,11
10/17/16,"6700 block of South Winchester, Chicago (Englewood), Illinois",41.7720758,-87.6725184,1,4
10/18/16,"325 La Grande Ave, San Francisco, California",37.719223,-122.4249666,0,4
10/22/16,"77th and Bancroft Avenues, Oakland, California",37.7639097,-122.1745677,0,7
10/23/16,"Highway 66 and N 3310 Rd, Wellston, Oklahoma",35.6754681,-97.1057803,1,5
10/25/16,"3300 block of Riverside Dr, Dayton, Ohio",39.7995186,-84.2076175,1,3
10/25/16,"830 Campbell Avenue Southeast, Roanoke, Virginia",37.2730757,-79.9309748,2,3
10/27/16,"600 block of Moccasin Gap Road, Jackson, Georgia",33.3840103,-83.9905366,4,0
10/28/16,"200 block of Lorenz Blvd, Jackson, Mississippi",32.3336946,-90.1820414,0,6
10/28/16,"Northwest 173rd Terrace and 27th Avenue, Miami Gardens, Florida",25.9321942,-80.2447991,0,4
10/29/16,"2010 Cornell Ridge Dr, Dayton, Ohio",39.7769607,-84.2515891,1,3
10/29/16,"1600 block of Century Boulevard, Los Angeles, California",33.9456688,-118.2462593,0,5
10/29/16,"3500 block of Madison Street, Riverside, California",33.9365942,-117.4055661,0,4
10/30/16,"742 Junction Ave, Toledo, Ohio",41.6480971,-83.5768349,0,4
10/30/16,"135 Ridge Street, New York (Manhattan), New York",40.7195832,-73.9830138,0,4
10/30/16,"119 First Street, Newburgh, New York",41.5020978,-74.0104455,2,5
10/30/16,"6860 Walker Mill Road, Capitol Heights, Maryland",38.8700689,-76.890003,3,3
10/30/16,"2900 block of Aspen Meadow, San Antonio, Texas",29.4646285,-98.60694,0,5
10/31/16,"700 Block of W 68th St, Shreveport, Louisiana",32.4437429,-93.7694936,0,4
11/1/16,"5200 block of Zodiac Rd, Memphis, Tennessee",35.0062526,-89.9592378,1,5
11/2/16,"2111 Bragg Street, Little Rock, Arkansas",34.7280319,-92.2659908,1,4
11/3/16,"8000 block of S Shore Dr, Chicago, Illinois",41.7935489,-87.5804185,2,2
11/3/16,"234 Cleveland Street, Orange, New Jersey",40.7785914,-74.2270541,2,2
11/4/16,"5451 Springfield Ave, Philadelphia, Pennsylvania",39.9399938,-75.2255112,0,4
11/5/16,"3135 West Broward Boulevard, Fort Lauderdale (Lauderhill), Florida",26.1214641,-80.1868886,1,3
11/5/16,"10726 Perrin Beitel Rd, San Antonio, Texas",29.537801,-98.4109605,0,4
11/5/16,"803 Main St, Myrtle Beach, South Carolina",33.6935848,-78.8842854,0,5
11/5/16,"420 14th Street, Oakland, California",37.8042682,-122.270321,0,8
11/5/16,"4800 block of North Winthrop, Chicago, Illinois",41.969431,-87.658036,0,5
11/9/16,"1524 3rd Ave, Seattle, Washington",47.6104626,-122.3380822,0,5
11/9/16,"3400 block of W Monroe, Chicago, Illinois",41.8795914,-87.7109924,1,3
11/9/16,"1800 block of East Brooks Road, Memphis, Tennessee",35.0609342,-90.003693,0,4
11/10/16,"6610 S Sam Houston Pkwy W, Houston, Texas",29.609754,-95.484097,1,3
11/11/16,"7705 Channelside Street, Houston, Texas",29.7172369,-95.2831135,0,4
11/12/16,"8600 block of Ardith Drive, Sacramento, California",38.456391,-121.3840833,1,5
11/12/16,"21st St and Cleveland Ave, Kansas City, Missouri",39.0862194,-94.5382161,1,3
11/12/16,"2500 Park Avenue, Bridgeport, Connecticut",41.1921357,-73.2140401,0,5
11/13/16,"5105 Cleveland Rd, Jacksonville, Florida",30.3648853,-81.7059219,3,2
11/13/16,"8000 Midcrown, San Antonio, Texas",29.5074775,-98.3800289,0,4
11/13/16,"Conley Street and South Ivey Lane, Orlando, Florida",28.5325363,-81.4343377,0,4
11/17/16,"160 Longfellow, Dyersburg, Tennessee",36.030066,-89.364456,1,7
11/18/16,"5000 block of West Wabansia, Chicago, Illinois",41.911648,-87.751215,0,4
11/22/16,"1068 Harlem Academy Avenue, Clewiston, Florida",26.7371251,-80.9530962,1,4
11/23/16,"928 Cross Road, Olive Branch, Mississippi",34.9897912,-89.7725859,0,4
11/24/16,"4501 W Broadway, Louisville, Kentucky",38.2506529,-85.8277314,2,4
11/24/16,"77 Central Ave, Albany, New York",42.6592111,-73.7658574,1,3
11/25/16,"Magnolia Street and Felicity Street, New Orleans, Louisiana",29.944205,-90.08645,0,4
11/26/16,"8800 block of S Exchange Ave, Chicago, Illinois",41.735373,-87.553162,1,5
11/27/16,"100 block of Bourbon Street, New Orleans, Louisiana",29.9542063,-90.0691878,1,9
11/27/16,"Gregory and Prospect, Kansas City, Missouri",38.9980331,-94.5568984,0,7
11/28/16,"1067 McDonald Avenue, Wilmington, California",33.7843494,-118.2715238,0,4
11/28/16,"300 block of West 2nd Street, San Pedro, California",33.7423786,-118.2835567,0,4
11/30/16,"2901 Garrison Blvd, Baltimore, Maryland",39.3207851,-76.6770843,2,4
12/1/16,"N/A, Clearlake Oaks, California",39.0262841,-122.6719304,1,3
12/2/16,"3 1st Ave, Bloomfield, New Jersey",40.7700791,-74.1887489,0,6
12/3/16,"91st Street and Western Avenue, Los Angeles, California",33.9545261,-118.3090184,0,6
12/5/16,"1532 Stagecoach Lane, Albuquerque, New Mexico",35.0481824,-106.4910219,4,1
12/9/16,"15300 block of Market, Channelview, Texas",29.7716504,-95.1391912,4,0
12/9/16,"842 Fresno Street, Fresno, California",36.7276906,-119.803458,0,4
12/11/16,"192 Knickerbocker Ave, Brooklyn, New York",40.7035923,-73.9271511,0,4
12/11/16,"4305 N Pine Hills Rd, Orlando (Pine Hills), Florida",28.5959767,-81.4508641,1,4
12/11/16,"3916 South Hanover Street, Baltimore, Maryland",39.2349128,-76.6117247,0,5
12/11/16,"1200 block of East Highland Ave, Rocky Mount, North Carolina",35.9468557,-77.779753,0,4
12/16/16,"4300 block of South Rockwell, Chicago, Illinois",41.81559,-87.6895193,2,2
12/16/16,"13th and South Kedzie, Chicago, Illinois",41.8645832,-87.7056062,0,4
12/17/16,"4115 N. Tryon Street, Charlotte, North Carolina",35.2579463,-80.7965663,0,4
12/17/16,"100 block of West 105th Street, Chicago (Roseland), Illinois",41.7037174,-87.6259228,4,1
12/23/16,"3813 Richard Arrington Boulevard North, Birmingham, Alabama",33.5382559,-86.782512,1,3
12/23/16,"4900 block of West Hubbard, Chicago, Illinois",41.888919,-87.74824,0,4
12/24/16,"490 K Ford Rd, Madison, North Carolina",36.389223,-80.007822,0,7
12/24/16,"2241 Banks Lane East, Wilson, North Carolina",35.7313199,-77.8730269,4,0
12/25/16,"858 US-231, Ozark, Alabama",31.449915,-85.6612494,0,4
12/25/16,"8600 block of South Maryland Avenue, Chicago, Illinois",41.738338,-87.6036534,3,4
12/25/16,"4 North 3rd Avenue, Mount Vernon, New York",40.9124997,-73.8367044,1,5
12/28/16,"2914 10th Street, Columbus, Georgia",32.464807,-84.948577,1,4
12/30/16,"3230 Possum Run Rd, Mansfield, Ohio",40.6711803,-82.4977923,0,5
12/30/16,"95 S Turnpike Road, Wallingford, Connecticut",41.4494322,-72.8451887,2,2
12/31/16,"27 Briarwood Ct, Lenox (El Dorado), Georgia",31.354947,-83.4983023,2,2
12/31/16,"3704 Fannin Street, Houston, Texas",29.7379813,-95.3790112,1,3
4/30/17,"4104 SW 28th, Topeka, Kansas",39.0169834,-95.7280806,4,1
5/1/17,"3200 block of Reynolds Ave, Dallas, Texas",32.7864089,-96.7407147,2,3
5/2/17,"1566 West 24th Street, Jacksonville, Florida",30.3585156,-81.6820029,1,3
5/4/17,"600 block of Copeman Boulevard, Flint, Michigan",43.028638,-83.7112955,1,3
5/7/17,"2600 block of 46th Pl, Chicago, Illinois",41.8092739,-87.6892932,2,8
5/9/17,"1900 block of S. Boeke, Kansas City, Kansas",39.065918,-94.632859,3,1
5/10/17,"300 block of Centre St, Trenton, New Jersey",40.209726,-74.7594865,1,3
5/14/17,"311 S Main St, Jonesboro, Arkansas",35.839814,-90.705197,1,6
5/14/17,"14112 Chicago Road, Dolton, Illinois",41.6384793,-87.6078608,0,5
5/14/17,"Hal McRae Blvd and Delaney Ave, Avon Park, Florida",27.584669,-81.498135,0,5
5/14/17,"8600 block of Calmont Ave, Fort Worth, Texas",32.7360013,-97.4672606,0,4
5/16/17,"21785 Lowcountry Hwy, Ruffin, South Carolina",33.0048366,-80.8151598,3,1
5/20/17,"2100 block of W Huntingdon St, Philadelphia, Pennsylvania",39.9933871,-75.1628517,0,10
5/21/17,"4300 Beaver Dr, Des Moines, Iowa",41.6388144,-93.6789339,1,3
5/21/17,"441 N Val Vista Dr, Mesa, Arizona",33.423802,-111.752181,0,4
5/26/17,"2730 NW 167th St, Miami, Florida",25.9260023,-80.2457992,0,4
5/27/17,"318 W 14th St, New York (Manhattan), New York",40.7399803,-74.0036451,0,4
5/27/17,"100 block of Q Street Northwest, Washington, District of Columbia",38.9111196,-77.006505,1,7
5/27/17,"2871 Lee Drive, Bogue Chitto, Mississippi",31.4123608,-90.4605137,8,1
5/28/17,"100 block of 6th Street South, Phenix City, Alabama",32.4359375,-84.9951819,0,12
5/28/17,"6103 Hwy. 63, Moss Point, Mississippi",30.4314164,-88.5257595,0,5
5/29/17,"231 Witherspoon St, Louisville, Kentucky",38.2576324,-85.7503798,1,3
5/30/17,"1200 Elliott Dr, Middletown, Ohio",39.5010979,-84.3524533,1,3
6/1/17,"Beacon Ave and Lillian Ave, Saint Louis, Missouri",38.6942927,-90.2522415,3,1
6/2/17,"5301 McPherson Rd, Laredo, Texas",27.5450882,-99.4820444,2,3
6/2/17,"89th St and Broadway, Los Angeles, California",33.9555242,-118.2782224,1,3
6/3/17,"1600 Block of Union Blvd, Saint Louis, Missouri",38.666531,-90.2671709,2,2
6/3/17,"3717 Tulane Ave, New Orleans, Louisiana",29.967263,-90.1016434,3,2
6/5/17,"2427 Forsyth Rd, Orlando, Florida",28.5798333,-81.2934415,6,0
6/6/17,"2232 Alta Canyon Drive, Sandy, Utah",40.5940092,-111.8266999,3,2
6/8/17,"3650 Franklin Ave, New Orleans, Louisiana",29.9965678,-90.050083,0,6
6/9/17,"East Davis Avenue and New York Avenue, Fort Worth, Texas",32.7208731,-97.3156891,2,5
6/10/17,"571 East Street, Memphis, Tennessee",35.1313617,-90.0314121,0,4
6/11/17,"3300 block of W Douglas Blvd, Chicago, Illinois",41.863292,-87.708188,0,9
6/11/17,"4272 Bonny Oaks Drive, Chattanooga, Tennessee",35.0804279,-85.2138901,0,4
6/11/17,"505 Cypress Station Dr, Houston, Texas",30.0301341,-95.4372863,0,4
6/13/17,"3300 block of Ayrdale Avenue, Baltimore, Maryland",39.3262709,-76.6815892,0,4
6/13/17,"1200 block of Bonaparte Avenue, Baltimore, Maryland",39.3155124,-76.5998139,2,2
6/13/17,"Ferguson Ave and Plymouth Ave, Saint Louis (University City), Missouri",38.6691736,-90.309979,0,4
6/14/17,"14th St. NE and Gibbs Ave. NE, Canton, Ohio",40.8112655,-81.3627055,0,4
6/14/17,"420 E Monroe Ave, Alexandria, Virginia",38.8214011,-77.0543405,1,5
6/14/17,"720 San Bruno, San Francisco, California",37.7596254,-122.4049977,4,2
6/15/17,"491 NM 111, La Madera, New Mexico",36.3840099,-106.04116,5,0
6/17/17,"6252 Busch Blvd, Columbus, Ohio",40.0936291,-82.9921735,1,4
6/17/17,"1 block of North Latrobe, Chicago, Illinois",41.8803959,-87.7562848,0,4
6/18/17,"1900 block of N 14th St, Saint Louis, Missouri",38.6443712,-90.193861,3,2
6/18/17,"3100 block of Buena Vista Terrace SE, Washington, District of Columbia",38.8523724,-76.9656792,0,4
6/18/17,"3300 block of W Crystal, Chicago, Illinois",41.903988,-87.709434,0,4
6/18/17,"311 N Ocean Blvd, Myrtle Beach, South Carolina",33.6866707,-78.885382,0,7
6/22/17,"1100 block of Osborne Street, Atlanta, Georgia",33.7041596,-84.4239239,1,6
6/24/17,"2335 NW 16th Ct, Fort Lauderdale, Florida",26.1468785,-80.1734275,1,4
6/24/17,"114th St and Manhattan Ave, New York (Manhattan), New York",40.8037381,-73.9577813,0,5
6/24/17,"Pastoral Lane, Willingboro, New Jersey",40.0329509,-74.8972571,0,4
6/25/17,"5000 block of Thekla Ave, Saint Louis, Missouri",38.6885561,-90.2419835,1,3
6/27/17,"200 block of S Lotus, Chicago, Illinois",41.8780929,-87.7619121,0,5
6/30/17,"1650 Grand Concourse, Bronx, New York",40.8434664,-73.9110351,2,6
7/1/17,"2727 S 13000 Rd E, Momence, Illinois",41.0852412,-87.6198026,0,4
7/1/17,"Lincoln Park and Pennsylvania Avenue, Newark, New Jersey",40.7258888,-74.1796367,2,2
7/1/17,"3200 Humboldt Ave, Oakland, California",37.7920659,-122.2067424,0,4
7/2/17,"Wilkinson Avenue, Jersey City, New Jersey",40.7063283,-74.080444,0,4
7/2/17,"SC 72 Bypass, Greenwood, South Carolina",34.1952828,-82.1617983,0,4
7/3/17,"112 US 82, Prattville, Alabama",32.4381166,-86.4725495,3,1
7/3/17,"50 block of Thorpe St, Pontiac, Michigan",42.6371469,-83.3115598,1,3
7/4/17,"501 W Lancaster Rd, Orlando (Pine Castle), Florida",28.4656126,-81.3828292,0,4
7/4/17,"500 block of Patterson Ave, Hampton, Virginia",37.0325286,-76.3606547,1,4
7/5/17,"Jefferson Street and West St. Julian Street, Savannah, Georgia",32.0808246,-81.0949588,0,4
7/5/17,"11000 block of S Eberhart, Chicago (Roseland), Illinois",41.6945043,-87.6112479,2,2
7/5/17,"300 block of Russell Rd, Madison, Maine",44.7905886,-69.7873286,4,1
7/6/17,"Eighth Ave, Meridian, Mississippi",32.3817211,-88.6865333,0,4
7/8/17,"700 block of Oakwood, Alton, Illinois",38.9170242,-90.1732977,0,4
7/8/17,"9917 Capstan Dr, Cincinnati, Ohio",39.2540466,-84.5966345,1,8
7/9/17,"500 block Sturgeon Rd, Lawrenceville, Virginia",36.8119173,-77.7708834,0,7
7/15/17,"12200 block of S Throop St, Chicago, Illinois",41.6720104,-87.6538996,0,4
7/18/17,"Hewitt St and Division St, Trenton, New Jersey",40.208135,-74.743731,1,3
7/18/17,"3000 Block of N 39th St, Milwaukee, Wisconsin",43.0733843,-87.9620936,0,4
7/18/17,"NW Grand Ave and W Thunderbird Rd, El Mirage, Arizona",33.6089076,-112.3123446,0,4
7/19/17,"2300 block of Bethel St, Richmond, Virginia",37.5551184,-77.4185708,0,5
7/19/17,"Imperial Hwy and Broadway, Los Angeles, California",33.931006,-118.2784465,1,3
7/22/17,"130 E Clifton Ave, Cincinnati, Ohio",39.1159472,-84.5142224,0,5
7/23/17,"1500 block of East 82nd St, Chicago, Illinois",41.7459774,-87.5881743,1,3
7/23/17,"10360 Ave H, Baton Rouge, Louisiana",30.538489,-91.1969472,0,4
7/26/17,"2111 E. Green Drive, High Point, North Carolina",35.9532668,-79.9808203,1,6
7/27/17,"2000 block of E 71st St, Chicago, Illinois",41.7664443,-87.5758689,1,4
7/28/17,"400 block of N Washington St, Wilmington, Delaware",39.742038,-75.5552679,0,4
7/29/17,"200 block of Carl St, Buffalo, New York",42.920097,-78.828214,1,4
7/29/17,"115 W Fisher St, Salisbury, North Carolina",35.6668205,-80.4716901,2,3
7/30/17,"1500 block of Azalea Garden Rd, Norfolk, Virginia",36.8668979,-76.2347712,1,5
7/30/17,"1810 George Dieter Dr, El Paso, Texas",31.7654669,-106.3011284,1,3
7/31/17,"Jasper St and Main St, Decatur, Illinois",39.84177,-88.9404161,0,4
8/1/17,"8000 Block of Lateral C Rd, Toppenish, Washington",46.36072,-120.5230681,0,6
8/1/17,"Mariposa St and A St, Fresno, California",36.7278197,-119.8011313,0,7
8/1/17,"800 block of N Monticello Ave, Chicago, Illinois",41.8954421,-87.7175234,0,4
8/4/17,"200 block of North Helen Street, Lodge Grass, Montana",45.311567,-107.3647354,3,2
8/5/17,"900 block of Brook Road, Lakewood, New Jersey",40.1020991,-74.1892167,0,4
8/5/17,"300 block of Ellis St, Allendale, South Carolina",33.0021947,-81.2960022,1,3
8/5/17,"1939 W Tennessee St, Tallahassee, Florida",30.4484309,-84.3161903,1,3
8/6/17,"Wickham Ave, Bronx, New York",40.8690749,-73.8373836,0,6
8/6/17,"1000 block of 106th Avenue, Oakland, California",37.7357528,-122.1719782,0,7
8/8/17,"1 block of East 37th Street, Chicago, Illinois",41.8273618,-87.626407,1,6
8/12/17,"12310 Bellefontaine Rd, Saint Louis, Missouri",38.7965779,-90.212354,1,3
8/13/17,"4000 Block of Martin Luther King Jr Blvd, Sacramento, California",38.5383649,-121.4647521,0,4
8/13/17,"8700 block of Quay Rd, Suffolk, Virginia",36.6524118,-76.8394274,0,4
8/13/17,"39th St and Melon St, Philadelphia, Pennsylvania",39.9648942,-75.1999605,0,5
8/14/17,"Morrison St and Klump Ave, North Hollywood, California",34.160824,-118.3757613,2,2
8/16/17,"Merritt Ave and 15th St, Wyandanch, New York",40.754364,-73.36126,0,4
8/19/17,"11143 Superior Ave, Cleveland, Ohio",41.5226451,-81.6075922,1,4
8/20/17,"11901 S Loomis St, Chicago, Illinois",41.6768175,-87.6559764,2,5
8/20/17,"100th St and Ave M, Brooklyn, New York",40.6386145,-73.8910242,0,4
8/21/17,"Fabyan Place, Newark, New Jersey",40.7154265,-74.222108,0,4
8/21/17,"Cottage Avenue and Park Heights Avenue, Baltimore, Maryland",39.3273326,-76.6575222,1,3
8/21/17,"262 Decatur St, Memphis, Tennessee",35.1471558,-90.0259282,0,4
8/22/17,"300 block of N Central Ave, Chicago, Illinois",41.885933,-87.765465,0,4
8/24/17,"10400 block of Balmoral Dr, Saint Louis, Missouri",38.7538508,-90.2009447,4,0
8/25/17,"1600 NE 8th Ave, Gainesville, Florida",29.6592077,-82.3046666,0,4
9/2/17,"8008 Watterson Trail, Louisville, Kentucky",38.180619,-85.621938,0,4
9/2/17,"8300 block of S Hermitage, Chicago, Illinois",41.742758,-87.667169,1,3
9/6/17,"2700 block of Madison, Chicago, Illinois",41.8813699,-87.694119,0,4
9/10/17,"2101 N Claiborne Ave, New Orleans, Louisiana",29.973991,-90.058357,1,3
9/10/17,"1712 West Spring Creek Parkway, Plano, Texas",33.0565137,-96.7276025,9,1
9/13/17,"14626 S Jackson Rd, Rockford, Washington",47.5195602,-117.196933,1,3
9/13/17,"400 block of S Duke St, York, Pennsylvania",39.957422,-76.723059,0,4
9/13/17,"3100 block of N 2nd St, Philadelphia, Pennsylvania",39.9973235,-75.1332171,0,4
9/13/17,"1000 block of Morehead St, Memphis, Tennessee",35.1680474,-90.0251211,1,5
9/16/17,"920 Lady Street, Columbia, South Carolina",34.0012887,-81.0376376,0,8
9/17/17,"5000 block of Stanton Street, Detroit, Michigan",42.3497679,-83.0905192,1,3
9/17/17,"300 Mistletoe St, Petersburg, Virginia",37.2168154,-77.4048035,1,4
9/20/17,"4300 block of 23rd Ct, Gary, Indiana",41.57554,-87.3903455,0,5
9/23/17,"Seminary St and Jackson St, Danville, Illinois",40.1303331,-87.6273128,0,5
9/23/17,"818 Real Rd, Bakersfield, California",35.3657935,-119.0432433,1,4
9/24/17,"500 block of E. Patapsco Avenue, Baltimore, Maryland",39.23695,-76.6036057,0,4
9/24/17,"6000 block of Hoover Dr, Mays Landing, New Jersey",39.4511646,-74.7662728,1,3
9/24/17,"3890 Pin Hook Rd, Antioch, Tennessee",36.0467713,-86.5830805,1,8
9/24/17,"1226 E Fayette St, Syracuse, New York",43.0481849,-76.130469,0,4
9/26/17,"2531 Chelsea Ave, Memphis, Tennessee",35.1742096,-89.9727684,0,4
9/26/17,"100 block of Pastorius St, Philadelphia, Pennsylvania",40.043327,-75.177497,1,3
9/28/17,"2001 N Rocheblave St, New Orleans, Louisiana",29.981503,-90.0647822,1,3
9/30/17,"800 block of Kerr Avenue, Memphis, Tennessee",35.1071634,-90.0358906,1,3
10/1/17,"3950 Las Vegas Blvd S, Las Vegas, Nevada",36.0908614,-115.1750272,59,241
10/3/17,"2051 NW 65th St, Miami, Florida",25.8338798,-80.2310149,0,4
10/5/17,"400 block of W 13th Street, Casa Grande, Arizona",32.8854151,-111.7573019,4,0
10/7/17,"87th Ave and Thomas Rd, Phoenix, Arizona",33.479751,-112.2464783,0,4
10/9/17,"3352 Old Spanish Trail, Houston, Texas",29.7012219,-95.3721321,0,5
10/10/17,"25th St and Treat Ave, San Francisco, California",37.7509769,-122.4128627,0,4
10/12/17,"6 Asbury Ct, Aliso Viejo, California",33.5675156,-117.7357678,2,2
10/15/17,"6233 Gulfton St, Houston, Texas",29.7160039,-95.491516,2,2
10/15/17,"107th Ave and Camelback Rd, Phoenix, Arizona",33.5081755,-112.2900132,1,3
10/16/17,"5th Street, Meridian, Mississippi",32.360592,-88.716761,1,3
10/17/17,"181 Martense St, Brooklyn, New York",40.6517404,-73.952937,0,4
10/18/17,"2111 Emmorton Park Rd, Edgewood, Maryland",39.4520482,-76.3099052,3,3